<!-- Auto-generated. Run rake build:trillian. github.com/sagargp/trollicons -->
<bitmap name="Actually - Actually" file="../../stixe/plugins/trollicons-trillian/icons/Actually-Actually.png"/>
<bitmap name="Actually - It's Not Okay" file="../../stixe/plugins/trollicons-trillian/icons/Actually-ItsNotOkay.png"/>
<bitmap name="Actually - Sad Shadow" file="../../stixe/plugins/trollicons-trillian/icons/Actually-SadShadow.png"/>
<bitmap name="Amazed - Clever Girl" file="../../stixe/plugins/trollicons-trillian/icons/Amazed-CleverGirl.png"/>
<bitmap name="Amazed - Dumbfounded Kid" file="../../stixe/plugins/trollicons-trillian/icons/Amazed-DumbfoundedKid.png"/>
<bitmap name="Amazed - Gasp" file="../../stixe/plugins/trollicons-trillian/icons/Amazed-Gasp.png"/>
<bitmap name="Amazed - Milk" file="../../stixe/plugins/trollicons-trillian/icons/Amazed-Milk.png"/>
<bitmap name="Amazed - Moonshot" file="../../stixe/plugins/trollicons-trillian/icons/Amazed-Moonshot.png"/>
<bitmap name="Amazed - Not Bad Obama" file="../../stixe/plugins/trollicons-trillian/icons/Amazed-NotBadObama.png"/>
<bitmap name="Amazed - Puke Rainbows" file="../../stixe/plugins/trollicons-trillian/icons/Amazed-PukeRainbows.png"/>
<bitmap name="Amazed - Rage Blank" file="../../stixe/plugins/trollicons-trillian/icons/Amazed-RageBlank.png"/>
<bitmap name="Amazed - Surprised Wide Open Mouth" file="../../stixe/plugins/trollicons-trillian/icons/Amazed-SurprisedWideOpenMouth.png"/>
<bitmap name="Amazed - surprised" file="../../stixe/plugins/trollicons-trillian/icons/Amazed-surprised.png"/>
<bitmap name="Amazed - Wait" file="../../stixe/plugins/trollicons-trillian/icons/Amazed-Wait.png"/>
<bitmap name="Amazed - Wizard" file="../../stixe/plugins/trollicons-trillian/icons/Amazed-Wizard.png"/>
<bitmap name="Angry - Desk flip" file="../../stixe/plugins/trollicons-trillian/icons/Angry-Deskflip.png"/>
<bitmap name="Angry - Drool" file="../../stixe/plugins/trollicons-trillian/icons/Angry-Drool.png"/>
<bitmap name="Angry - Eyes" file="../../stixe/plugins/trollicons-trillian/icons/Angry-Eyes.png"/>
<bitmap name="Angry - Grumpy Cat" file="../../stixe/plugins/trollicons-trillian/icons/Angry-GrumpyCat.png"/>
<bitmap name="Angry - I Am Disappoint" file="../../stixe/plugins/trollicons-trillian/icons/Angry-IAmDisappoint.png"/>
<bitmap name="Angry - Look" file="../../stixe/plugins/trollicons-trillian/icons/Angry-Look.png"/>
<bitmap name="Angry - Mom" file="../../stixe/plugins/trollicons-trillian/icons/Angry-Mom.png"/>
<bitmap name="Angry - No" file="../../stixe/plugins/trollicons-trillian/icons/Angry-No.png"/>
<bitmap name="Angry - Not Okay" file="../../stixe/plugins/trollicons-trillian/icons/Angry-NotOkay.png"/>
<bitmap name="Angry - Shaking" file="../../stixe/plugins/trollicons-trillian/icons/Angry-Shaking.png"/>
<bitmap name="Angry - Side Mouth" file="../../stixe/plugins/trollicons-trillian/icons/Angry-SideMouth.png"/>
<bitmap name="Angry - Stare" file="../../stixe/plugins/trollicons-trillian/icons/Angry-Stare.png"/>
<bitmap name="Angry - Uhm" file="../../stixe/plugins/trollicons-trillian/icons/Angry-Uhm.png"/>
<bitmap name="Angry - What Have You Done" file="../../stixe/plugins/trollicons-trillian/icons/Angry-WhatHaveYouDone.png"/>
<bitmap name="Angry - Y U NO" file="../../stixe/plugins/trollicons-trillian/icons/Angry-YUNO.png"/>
<bitmap name="Cereal guy - Beer Guy" file="../../stixe/plugins/trollicons-trillian/icons/Cerealguy-BeerGuy.png"/>
<bitmap name="Cereal guy - Cereal Guy Angry" file="../../stixe/plugins/trollicons-trillian/icons/Cerealguy-CerealGuyAngry.png"/>
<bitmap name="Cereal guy - Cereal Guy Squint" file="../../stixe/plugins/trollicons-trillian/icons/Cerealguy-CerealGuySquint.png"/>
<bitmap name="Cereal guy - Cereal Guy" file="../../stixe/plugins/trollicons-trillian/icons/Cerealguy-CerealGuy.png"/>
<bitmap name="Cereal guy - Cereal Spitting" file="../../stixe/plugins/trollicons-trillian/icons/Cerealguy-CerealSpitting.png"/>
<bitmap name="Cereal guy - Newspaper Guy Tear" file="../../stixe/plugins/trollicons-trillian/icons/Cerealguy-NewspaperGuyTear.png"/>
<bitmap name="Cereal guy - Newspaper Guy" file="../../stixe/plugins/trollicons-trillian/icons/Cerealguy-NewspaperGuy.png"/>
<bitmap name="Determined - Challenge Considered" file="../../stixe/plugins/trollicons-trillian/icons/Determined-ChallengeConsidered.png"/>
<bitmap name="Determined - Challenge" file="../../stixe/plugins/trollicons-trillian/icons/Determined-Challenge.png"/>
<bitmap name="Determined - Conflicting Emotions" file="../../stixe/plugins/trollicons-trillian/icons/Determined-ConflictingEmotions.png"/>
<bitmap name="Determined - Crazy Concentrate Sweat" file="../../stixe/plugins/trollicons-trillian/icons/Determined-CrazyConcentrateSweat.png"/>
<bitmap name="Determined - Fu Manchu" file="../../stixe/plugins/trollicons-trillian/icons/Determined-FuManchu.png"/>
<bitmap name="Determined - Gah" file="../../stixe/plugins/trollicons-trillian/icons/Determined-Gah.png"/>
<bitmap name="Determined - Hmm" file="../../stixe/plugins/trollicons-trillian/icons/Determined-Hmm.png"/>
<bitmap name="Determined - It's Time" file="../../stixe/plugins/trollicons-trillian/icons/Determined-ItsTime.png"/>
<bitmap name="Happy - Everything Went Better Than Expected" file="../../stixe/plugins/trollicons-trillian/icons/Happy-EverythingWentBetterThanExpected.png"/>
<bitmap name="Happy - Excited" file="../../stixe/plugins/trollicons-trillian/icons/Happy-Excited.png"/>
<bitmap name="Happy - Forever Alone Excited" file="../../stixe/plugins/trollicons-trillian/icons/Happy-ForeverAloneExcited.png"/>
<bitmap name="Happy - Grandma" file="../../stixe/plugins/trollicons-trillian/icons/Happy-Grandma.png"/>
<bitmap name="Happy - Happy" file="../../stixe/plugins/trollicons-trillian/icons/Happy-Happy.png"/>
<bitmap name="Happy - Haters Gonna Hate" file="../../stixe/plugins/trollicons-trillian/icons/Happy-HatersGonnaHate.png"/>
<bitmap name="Happy - Heh heh" file="../../stixe/plugins/trollicons-trillian/icons/Happy-Hehheh.png"/>
<bitmap name="Happy - I See" file="../../stixe/plugins/trollicons-trillian/icons/Happy-ISee.png"/>
<bitmap name="Happy - Ok" file="../../stixe/plugins/trollicons-trillian/icons/Happy-Ok.png"/>
<bitmap name="Happy - Overjoyed" file="../../stixe/plugins/trollicons-trillian/icons/Happy-Overjoyed.png"/>
<bitmap name="Happy - Perfect" file="../../stixe/plugins/trollicons-trillian/icons/Happy-Perfect.png"/>
<bitmap name="Happy - Satisfied" file="../../stixe/plugins/trollicons-trillian/icons/Happy-Satisfied.png"/>
<bitmap name="Happy - Smile" file="../../stixe/plugins/trollicons-trillian/icons/Happy-Smile.png"/>
<bitmap name="Happy - Win" file="../../stixe/plugins/trollicons-trillian/icons/Happy-Win.png"/>
<bitmap name="Laughing - Aint That Some Shit" file="../../stixe/plugins/trollicons-trillian/icons/Laughing-AintThatSomeShit.png"/>
<bitmap name="Laughing - Awww Yea" file="../../stixe/plugins/trollicons-trillian/icons/Laughing-AwwwYea.png"/>
<bitmap name="Laughing - Fuck That Shit Right" file="../../stixe/plugins/trollicons-trillian/icons/Laughing-FuckThatShitRight.png"/>
<bitmap name="Laughing - Fuck That Shit" file="../../stixe/plugins/trollicons-trillian/icons/Laughing-FuckThatShit.png"/>
<bitmap name="Laughing - High" file="../../stixe/plugins/trollicons-trillian/icons/Laughing-High.png"/>
<bitmap name="Laughing - LOL (No Text)" file="../../stixe/plugins/trollicons-trillian/icons/Laughing-LOL(NoText).png"/>
<bitmap name="Laughing - LOL" file="../../stixe/plugins/trollicons-trillian/icons/Laughing-LOL.png"/>
<bitmap name="Laughing - Pffttchhchhh" file="../../stixe/plugins/trollicons-trillian/icons/Laughing-Pffttchhchhh.png"/>
<bitmap name="Laughing - Pft" file="../../stixe/plugins/trollicons-trillian/icons/Laughing-Pft.png"/>
<bitmap name="Malicious - Devil Troll" file="../../stixe/plugins/trollicons-trillian/icons/Malicious-DevilTroll.png"/>
<bitmap name="Malicious - Douchebag" file="../../stixe/plugins/trollicons-trillian/icons/Malicious-Douchebag.png"/>
<bitmap name="Malicious - Evil Smile" file="../../stixe/plugins/trollicons-trillian/icons/Malicious-EvilSmile.png"/>
<bitmap name="Malicious - Gay Troll" file="../../stixe/plugins/trollicons-trillian/icons/Malicious-GayTroll.png"/>
<bitmap name="Malicious - Granny Troll" file="../../stixe/plugins/trollicons-trillian/icons/Malicious-GrannyTroll.png"/>
<bitmap name="Malicious - Grinch" file="../../stixe/plugins/trollicons-trillian/icons/Malicious-Grinch.png"/>
<bitmap name="Malicious - Homophobic Seal" file="../../stixe/plugins/trollicons-trillian/icons/Malicious-HomophobicSeal.png"/>
<bitmap name="Malicious - I Lied" file="../../stixe/plugins/trollicons-trillian/icons/Malicious-ILied.png"/>
<bitmap name="Malicious - Melvin" file="../../stixe/plugins/trollicons-trillian/icons/Malicious-Melvin.png"/>
<bitmap name="Malicious - Problem Guy" file="../../stixe/plugins/trollicons-trillian/icons/Malicious-ProblemGuy.png"/>
<bitmap name="Malicious - Rage Happy" file="../../stixe/plugins/trollicons-trillian/icons/Malicious-RageHappy.png"/>
<bitmap name="Malicious - Sad Melvin" file="../../stixe/plugins/trollicons-trillian/icons/Malicious-SadMelvin.png"/>
<bitmap name="Malicious - Sad Troll" file="../../stixe/plugins/trollicons-trillian/icons/Malicious-SadTroll.png"/>
<bitmap name="Malicious - Troll Dad Jump" file="../../stixe/plugins/trollicons-trillian/icons/Malicious-TrollDadJump.png"/>
<bitmap name="Malicious - Troll Dad Monocle" file="../../stixe/plugins/trollicons-trillian/icons/Malicious-TrollDadMonocle.png"/>
<bitmap name="Malicious - Troll Hot" file="../../stixe/plugins/trollicons-trillian/icons/Malicious-TrollHot.png"/>
<bitmap name="Malicious - Troll Insane" file="../../stixe/plugins/trollicons-trillian/icons/Malicious-TrollInsane.png"/>
<bitmap name="Malicious - Troll Lol" file="../../stixe/plugins/trollicons-trillian/icons/Malicious-TrollLol.png"/>
<bitmap name="Malicious - Troll peeking" file="../../stixe/plugins/trollicons-trillian/icons/Malicious-Trollpeeking.png"/>
<bitmap name="Malicious - Troll" file="../../stixe/plugins/trollicons-trillian/icons/Malicious-Troll.png"/>
<bitmap name="Malicious - TrollDad" file="../../stixe/plugins/trollicons-trillian/icons/Malicious-TrollDad.png"/>
<bitmap name="Memes - Anti Joke Chicken" file="../../stixe/plugins/trollicons-trillian/icons/Memes-AntiJokeChicken.png"/>
<bitmap name="Memes - Foul Bachelor Frog" file="../../stixe/plugins/trollicons-trillian/icons/Memes-FoulBachelorFrog.png"/>
<bitmap name="Memes - Foul Bachelorette Frog" file="../../stixe/plugins/trollicons-trillian/icons/Memes-FoulBacheloretteFrog.png"/>
<bitmap name="Memes - Fry" file="../../stixe/plugins/trollicons-trillian/icons/Memes-Fry.png"/>
<bitmap name="Memes - Happy Face " file="../../stixe/plugins/trollicons-trillian/icons/Memes-HappyFace.png"/>
<bitmap name="Memes - High Expectation Asian Dad" file="../../stixe/plugins/trollicons-trillian/icons/Memes-HighExpectationAsianDad.png"/>
<bitmap name="Memes - Hipster Kitty" file="../../stixe/plugins/trollicons-trillian/icons/Memes-HipsterKitty.png"/>
<bitmap name="Memes - Insane Wolf" file="../../stixe/plugins/trollicons-trillian/icons/Memes-InsaneWolf.png"/>
<bitmap name="Memes - It's a Trap" file="../../stixe/plugins/trollicons-trillian/icons/Memes-ItsaTrap.png"/>
<bitmap name="Memes - Lame Pun Coon" file="../../stixe/plugins/trollicons-trillian/icons/Memes-LamePunCoon.png"/>
<bitmap name="Memes - Paranoid Parrot" file="../../stixe/plugins/trollicons-trillian/icons/Memes-ParanoidParrot.png"/>
<bitmap name="Memes - Philosoraptor" file="../../stixe/plugins/trollicons-trillian/icons/Memes-Philosoraptor.png"/>
<bitmap name="Memes - Retarded Girl" file="../../stixe/plugins/trollicons-trillian/icons/Memes-RetardedGirl.png"/>
<bitmap name="Memes - Socially Awkward Penguin" file="../../stixe/plugins/trollicons-trillian/icons/Memes-SociallyAwkwardPenguin.png"/>
<bitmap name="Memes - Success Kid" file="../../stixe/plugins/trollicons-trillian/icons/Memes-SuccessKid.png"/>
<bitmap name="Memes - Troll God" file="../../stixe/plugins/trollicons-trillian/icons/Memes-TrollGod.png"/>
<bitmap name="Memes - What Have I done " file="../../stixe/plugins/trollicons-trillian/icons/Memes-WhatHaveIdone.png"/>
<bitmap name="Miscellaneous - Aliens" file="../../stixe/plugins/trollicons-trillian/icons/Miscellaneous-Aliens.png"/>
<bitmap name="Miscellaneous - All the things" file="../../stixe/plugins/trollicons-trillian/icons/Miscellaneous-Allthethings.png"/>
<bitmap name="Miscellaneous - Busted" file="../../stixe/plugins/trollicons-trillian/icons/Miscellaneous-Busted.png"/>
<bitmap name="Miscellaneous - Confused" file="../../stixe/plugins/trollicons-trillian/icons/Miscellaneous-Confused.png"/>
<bitmap name="Miscellaneous - Doge" file="../../stixe/plugins/trollicons-trillian/icons/Miscellaneous-Doge.png"/>
<bitmap name="Miscellaneous - Drunk" file="../../stixe/plugins/trollicons-trillian/icons/Miscellaneous-Drunk.png"/>
<bitmap name="Miscellaneous - Epic Fail Guy" file="../../stixe/plugins/trollicons-trillian/icons/Miscellaneous-EpicFailGuy.png"/>
<bitmap name="Miscellaneous - Errg" file="../../stixe/plugins/trollicons-trillian/icons/Miscellaneous-Errg.png"/>
<bitmap name="Miscellaneous - Grandma Shit" file="../../stixe/plugins/trollicons-trillian/icons/Miscellaneous-GrandmaShit.png"/>
<bitmap name="Miscellaneous - Mother Of God" file="../../stixe/plugins/trollicons-trillian/icons/Miscellaneous-MotherOfGod.png"/>
<bitmap name="Miscellaneous - Nothing to do here" file="../../stixe/plugins/trollicons-trillian/icons/Miscellaneous-Nothingtodohere.png"/>
<bitmap name="Miscellaneous - Oh God Right" file="../../stixe/plugins/trollicons-trillian/icons/Miscellaneous-OhGodRight.png"/>
<bitmap name="Miscellaneous - Oh God" file="../../stixe/plugins/trollicons-trillian/icons/Miscellaneous-OhGod.png"/>
<bitmap name="Miscellaneous - Omg Run" file="../../stixe/plugins/trollicons-trillian/icons/Miscellaneous-OmgRun.png"/>
<bitmap name="Miscellaneous - So Close" file="../../stixe/plugins/trollicons-trillian/icons/Miscellaneous-SoClose.png"/>
<bitmap name="Miscellaneous - Spiderpman" file="../../stixe/plugins/trollicons-trillian/icons/Miscellaneous-Spiderpman.png"/>
<bitmap name="Miscellaneous - Tada left" file="../../stixe/plugins/trollicons-trillian/icons/Miscellaneous-Tadaleft.png"/>
<bitmap name="Miscellaneous - Tada" file="../../stixe/plugins/trollicons-trillian/icons/Miscellaneous-Tada.png"/>
<bitmap name="Miscellaneous - Throw Up In Mouth" file="../../stixe/plugins/trollicons-trillian/icons/Miscellaneous-ThrowUpInMouth.png"/>
<bitmap name="Miscellaneous - True Story" file="../../stixe/plugins/trollicons-trillian/icons/Miscellaneous-TrueStory.png"/>
<bitmap name="Miscellaneous - What" file="../../stixe/plugins/trollicons-trillian/icons/Miscellaneous-What.png"/>
<bitmap name="Miscellaneous - Youthful Fear" file="../../stixe/plugins/trollicons-trillian/icons/Miscellaneous-YouthfulFear.png"/>
<bitmap name="Neutral - Bad Poker Face" file="../../stixe/plugins/trollicons-trillian/icons/Neutral-BadPokerFace.png"/>
<bitmap name="Neutral - Beh" file="../../stixe/plugins/trollicons-trillian/icons/Neutral-Beh.png"/>
<bitmap name="Neutral - Dazed" file="../../stixe/plugins/trollicons-trillian/icons/Neutral-Dazed.png"/>
<bitmap name="Neutral - Dude Come On Smile" file="../../stixe/plugins/trollicons-trillian/icons/Neutral-DudeComeOnSmile.png"/>
<bitmap name="Neutral - Dude" file="../../stixe/plugins/trollicons-trillian/icons/Neutral-Dude.png"/>
<bitmap name="Neutral - Feel Like A Sir" file="../../stixe/plugins/trollicons-trillian/icons/Neutral-FeelLikeASir.png"/>
<bitmap name="Neutral - It's Something" file="../../stixe/plugins/trollicons-trillian/icons/Neutral-ItsSomething.png"/>
<bitmap name="Neutral - Occupied" file="../../stixe/plugins/trollicons-trillian/icons/Neutral-Occupied.png"/>
<bitmap name="Neutral - Pirate" file="../../stixe/plugins/trollicons-trillian/icons/Neutral-Pirate.png"/>
<bitmap name="Neutral - Poker Face Thick" file="../../stixe/plugins/trollicons-trillian/icons/Neutral-PokerFaceThick.png"/>
<bitmap name="Neutral - Poker Face" file="../../stixe/plugins/trollicons-trillian/icons/Neutral-PokerFace.png"/>
<bitmap name="Neutral - Rich Fu" file="../../stixe/plugins/trollicons-trillian/icons/Neutral-RichFu.png"/>
<bitmap name="Neutral - Straight" file="../../stixe/plugins/trollicons-trillian/icons/Neutral-Straight.png"/>
<bitmap name="Neutral - ThingsWentOkay" file="../../stixe/plugins/trollicons-trillian/icons/Neutral-ThingsWentOkay.png"/>
<bitmap name="Neutral - Tongue" file="../../stixe/plugins/trollicons-trillian/icons/Neutral-Tongue.png"/>
<bitmap name="Neutral - Wah" file="../../stixe/plugins/trollicons-trillian/icons/Neutral-Wah.png"/>
<bitmap name="Neutral - Wat" file="../../stixe/plugins/trollicons-trillian/icons/Neutral-Wat.png"/>
<bitmap name="Neutral - Yawn" file="../../stixe/plugins/trollicons-trillian/icons/Neutral-Yawn.png"/>
<bitmap name="Pleasure - Classy Fap" file="../../stixe/plugins/trollicons-trillian/icons/Pleasure-ClassyFap.png"/>
<bitmap name="Pleasure - Dog Sweet Jesus" file="../../stixe/plugins/trollicons-trillian/icons/Pleasure-DogSweetJesus.png"/>
<bitmap name="Pleasure - Fap Fap" file="../../stixe/plugins/trollicons-trillian/icons/Pleasure-FapFap.png"/>
<bitmap name="Pleasure - Female Fap" file="../../stixe/plugins/trollicons-trillian/icons/Pleasure-FemaleFap.png"/>
<bitmap name="Pleasure - Gonna fuck that taco" file="../../stixe/plugins/trollicons-trillian/icons/Pleasure-Gonnafuckthattaco.png"/>
<bitmap name="Pleasure - If you know what i mean" file="../../stixe/plugins/trollicons-trillian/icons/Pleasure-Ifyouknowwhatimean.png"/>
<bitmap name="Pleasure - Me Gusta Mucho Creepy" file="../../stixe/plugins/trollicons-trillian/icons/Pleasure-MeGustaMuchoCreepy.png"/>
<bitmap name="Pleasure - Me Gusta Perfect" file="../../stixe/plugins/trollicons-trillian/icons/Pleasure-MeGustaPerfect.png"/>
<bitmap name="Pleasure - Me Gusta" file="../../stixe/plugins/trollicons-trillian/icons/Pleasure-MeGusta.png"/>
<bitmap name="Pleasure - No Me Gusta" file="../../stixe/plugins/trollicons-trillian/icons/Pleasure-NoMeGusta.png"/>
<bitmap name="Pleasure - Ohhh Yes" file="../../stixe/plugins/trollicons-trillian/icons/Pleasure-OhhhYes.png"/>
<bitmap name="Pleasure - Son Me Gusta" file="../../stixe/plugins/trollicons-trillian/icons/Pleasure-SonMeGusta.png"/>
<bitmap name="Pleasure - Sweet Jesus Face" file="../../stixe/plugins/trollicons-trillian/icons/Pleasure-SweetJesusFace.png"/>
<bitmap name="Rage - Canadian Rage" file="../../stixe/plugins/trollicons-trillian/icons/Rage-CanadianRage.png"/>
<bitmap name="Rage - Fuu" file="../../stixe/plugins/trollicons-trillian/icons/Rage-Fuu.png"/>
<bitmap name="Rage - Pig" file="../../stixe/plugins/trollicons-trillian/icons/Rage-Pig.png"/>
<bitmap name="Rage - Rage Classic" file="../../stixe/plugins/trollicons-trillian/icons/Rage-RageClassic.png"/>
<bitmap name="Rage - Rage Extreme" file="../../stixe/plugins/trollicons-trillian/icons/Rage-RageExtreme.png"/>
<bitmap name="Rage - Rage Lion" file="../../stixe/plugins/trollicons-trillian/icons/Rage-RageLion.png"/>
<bitmap name="Rage - Rage Nuclear" file="../../stixe/plugins/trollicons-trillian/icons/Rage-RageNuclear.png"/>
<bitmap name="Rage - Rage Omega" file="../../stixe/plugins/trollicons-trillian/icons/Rage-RageOmega.png"/>
<bitmap name="Rage - Rage Quiet" file="../../stixe/plugins/trollicons-trillian/icons/Rage-RageQuiet.png"/>
<bitmap name="Sad - Aw Man" file="../../stixe/plugins/trollicons-trillian/icons/Sad-AwMan.png"/>
<bitmap name="Sad - Aw" file="../../stixe/plugins/trollicons-trillian/icons/Sad-Aw.png"/>
<bitmap name="Sad - Cry" file="../../stixe/plugins/trollicons-trillian/icons/Sad-Cry.png"/>
<bitmap name="Sad - Forever Alone" file="../../stixe/plugins/trollicons-trillian/icons/Sad-ForeverAlone.png"/>
<bitmap name="Sad - Numb" file="../../stixe/plugins/trollicons-trillian/icons/Sad-Numb.png"/>
<bitmap name="Sad - Oh No" file="../../stixe/plugins/trollicons-trillian/icons/Sad-OhNo.png"/>
<bitmap name="Sad - Okay" file="../../stixe/plugins/trollicons-trillian/icons/Sad-Okay.png"/>
<bitmap name="Sad - Sad" file="../../stixe/plugins/trollicons-trillian/icons/Sad-Sad.png"/>
<bitmap name="Stupidity - Are You Kidding Me" file="../../stixe/plugins/trollicons-trillian/icons/Stupidity-AreYouKiddingMe.png"/>
<bitmap name="Stupidity - Captain Obvious" file="../../stixe/plugins/trollicons-trillian/icons/Stupidity-CaptainObvious.png"/>
<bitmap name="Stupidity - Genius" file="../../stixe/plugins/trollicons-trillian/icons/Stupidity-Genius.png"/>
<bitmap name="Stupidity - Herp Derp" file="../../stixe/plugins/trollicons-trillian/icons/Stupidity-HerpDerp.png"/>
<bitmap name="Stupidity - I Dont Want to Live on This Planet Anymore" file="../../stixe/plugins/trollicons-trillian/icons/Stupidity-IDontWanttoLiveonThisPlanetAnymore.png"/>
<bitmap name="Stupidity - Oh God Why" file="../../stixe/plugins/trollicons-trillian/icons/Stupidity-OhGodWhy.png"/>
<bitmap name="Stupidity - Picard Facepalm" file="../../stixe/plugins/trollicons-trillian/icons/Stupidity-PicardFacepalm.png"/>
<bitmap name="Stupidity - Retard Dog" file="../../stixe/plugins/trollicons-trillian/icons/Stupidity-RetardDog.png"/>
<bitmap name="Stupidity - Seriously Chan" file="../../stixe/plugins/trollicons-trillian/icons/Stupidity-SeriouslyChan.png"/>
<bitmap name="Stupidity - So hardcore" file="../../stixe/plugins/trollicons-trillian/icons/Stupidity-Sohardcore.png"/>
<bitmap name="Stupidity - The Fuck Female" file="../../stixe/plugins/trollicons-trillian/icons/Stupidity-TheFuckFemale.png"/>
<bitmap name="Stupidity - The Fuck" file="../../stixe/plugins/trollicons-trillian/icons/Stupidity-TheFuck.png"/>
<bitmap name="Stupidity - Watch out" file="../../stixe/plugins/trollicons-trillian/icons/Stupidity-Watchout.png"/>
<bitmap name="Stupidity - WTF is this shit" file="../../stixe/plugins/trollicons-trillian/icons/Stupidity-WTFisthisshit.png"/>
<bitmap name="Stupidity - You Don't Say" file="../../stixe/plugins/trollicons-trillian/icons/Stupidity-YouDontSay.png"/>
<bitmap name="Trees - Big Mouth High Face" file="../../stixe/plugins/trollicons-trillian/icons/Trees-BigMouthHighFace.png"/>
<bitmap name=" Trollicons (209 icons) (build date: 12-19-2013)" file="../../stixe/plugins/trollicons-trillian/icons/Trollicons.png"/>
<bitmap name="Unofficial - Faggot" file="../../stixe/plugins/trollicons-trillian/icons/Unofficial-Faggot.png"/>
<bitmap name="Unofficial - Fry Not Sure If" file="../../stixe/plugins/trollicons-trillian/icons/Unofficial-FryNotSureIf.png"/>
<bitmap name="Unofficial - Gropaga" file="../../stixe/plugins/trollicons-trillian/icons/Unofficial-Gropaga.png"/>
<bitmap name="Unofficial - Gun Left" file="../../stixe/plugins/trollicons-trillian/icons/Unofficial-GunLeft.png"/>
<bitmap name="Unofficial - Gun Right" file="../../stixe/plugins/trollicons-trillian/icons/Unofficial-GunRight.png"/>
<bitmap name="Unofficial - Haters Gonna Hate" file="../../stixe/plugins/trollicons-trillian/icons/Unofficial-HatersGonnaHate.gif"/>
<bitmap name="Unofficial - Hehe Lizard" file="../../stixe/plugins/trollicons-trillian/icons/Unofficial-HeheLizard.png"/>
<bitmap name="Unofficial - Pickle Time" file="../../stixe/plugins/trollicons-trillian/icons/Unofficial-PickleTime.png"/>
<bitmap name="Unofficial - The" file="../../stixe/plugins/trollicons-trillian/icons/Unofficial-The.png"/>
<bitmap name="Victorious - Close Enough" file="../../stixe/plugins/trollicons-trillian/icons/Victorious-CloseEnough.png"/>
<bitmap name="Victorious - Freddie Mercury" file="../../stixe/plugins/trollicons-trillian/icons/Victorious-FreddieMercury.png"/>
<bitmap name="Victorious - Fuck Yeah Words" file="../../stixe/plugins/trollicons-trillian/icons/Victorious-FuckYeahWords.png"/>
<bitmap name="Victorious - Fuck Yeah" file="../../stixe/plugins/trollicons-trillian/icons/Victorious-FuckYeah.png"/>
<bitmap name="Victorious - GTFO" file="../../stixe/plugins/trollicons-trillian/icons/Victorious-GTFO.png"/>
<bitmap name="Victorious - Melvin Fuck Yeah" file="../../stixe/plugins/trollicons-trillian/icons/Victorious-MelvinFuckYeah.png"/>
<bitmap name="Victorious - That Way" file="../../stixe/plugins/trollicons-trillian/icons/Victorious-ThatWay.png"/>
<prefs>
  <control name="emoticons" type="emoticons">
    <group text="Actually;" initial="0">
      <emoticon text="[actually]" button="yes">
        <source name="Actually - Actually" left="0" right="87" top="0" bottom="74"/>
      </emoticon>
      <emoticon text="[okay3]" button="">
        <source name="Actually - Actually" left="0" right="87" top="0" bottom="74"/>
      </emoticon>
      <emoticon text="[itsnotokay]" button="yes">
        <source name="Actually - It's Not Okay" left="0" right="87" top="0" bottom="74"/>
      </emoticon>
      <emoticon text="[okay4]" button="">
        <source name="Actually - It's Not Okay" left="0" right="87" top="0" bottom="74"/>
      </emoticon>
      <emoticon text="[sadshadow]" button="yes">
        <source name="Actually - Sad Shadow" left="0" right="87" top="0" bottom="74"/>
      </emoticon>
      <emoticon text="[okay2]" button="">
        <source name="Actually - Sad Shadow" left="0" right="87" top="0" bottom="74"/>
      </emoticon>
    </group>
    <group text="Amazed;" initial="0">
      <emoticon text="[clevergirl]" button="yes">
        <source name="Amazed - Clever Girl" left="0" right="79" top="0" bottom="74"/>
      </emoticon>
      <emoticon text="[whoa]" button="yes">
        <source name="Amazed - Dumbfounded Kid" left="0" right="60" top="0" bottom="74"/>
      </emoticon>
      <emoticon text="[ooh]" button="">
        <source name="Amazed - Dumbfounded Kid" left="0" right="60" top="0" bottom="74"/>
      </emoticon>
      <emoticon text="[gasp]" button="yes">
        <source name="Amazed - Gasp" left="0" right="87" top="0" bottom="74"/>
      </emoticon>
      <emoticon text="[milk]" button="yes">
        <source name="Amazed - Milk" left="0" right="51" top="0" bottom="74"/>
      </emoticon>
      <emoticon text="[moonshot]" button="yes">
        <source name="Amazed - Moonshot" left="0" right="69" top="0" bottom="74"/>
      </emoticon>
      <emoticon text="[noway]" button="">
        <source name="Amazed - Moonshot" left="0" right="69" top="0" bottom="74"/>
      </emoticon>
      <emoticon text="[shocked]" button="">
        <source name="Amazed - Moonshot" left="0" right="69" top="0" bottom="74"/>
      </emoticon>
      <emoticon text="[notbadobama]" button="yes">
        <source name="Amazed - Not Bad Obama" left="0" right="73" top="0" bottom="74"/>
      </emoticon>
      <emoticon text="[notbad]" button="">
        <source name="Amazed - Not Bad Obama" left="0" right="73" top="0" bottom="74"/>
      </emoticon>
      <emoticon text="[obama]" button="">
        <source name="Amazed - Not Bad Obama" left="0" right="73" top="0" bottom="74"/>
      </emoticon>
      <emoticon text="[pukerainbows]" button="yes">
        <source name="Amazed - Puke Rainbows" left="0" right="81" top="0" bottom="74"/>
      </emoticon>
      <emoticon text="[pukesrainbows]" button="">
        <source name="Amazed - Puke Rainbows" left="0" right="81" top="0" bottom="74"/>
      </emoticon>
      <emoticon text="[rainbows]" button="">
        <source name="Amazed - Puke Rainbows" left="0" right="81" top="0" bottom="74"/>
      </emoticon>
      <emoticon text="[blankrage]" button="yes">
        <source name="Amazed - Rage Blank" left="0" right="59" top="0" bottom="74"/>
      </emoticon>
      <emoticon text="[surprised3]" button="yes">
        <source name="Amazed - Surprised Wide Open Mouth" left="0" right="61" top="0" bottom="74"/>
      </emoticon>
      <emoticon text="[surprised1]" button="yes">
        <source name="Amazed - surprised" left="0" right="61" top="0" bottom="74"/>
      </emoticon>
      <emoticon text="[surprised]" button="">
        <source name="Amazed - surprised" left="0" right="61" top="0" bottom="74"/>
      </emoticon>
      <emoticon text="[wait]" button="yes">
        <source name="Amazed - Wait" left="0" right="85" top="0" bottom="56"/>
      </emoticon>
      <emoticon text="[awno]" button="">
        <source name="Amazed - Wait" left="0" right="85" top="0" bottom="56"/>
      </emoticon>
      <emoticon text="[Guy]" button="yes">
        <source name="Amazed - Wizard" left="0" right="45" top="0" bottom="70"/>
      </emoticon>
      <emoticon text="[wizard]" button="">
        <source name="Amazed - Wizard" left="0" right="45" top="0" bottom="70"/>
      </emoticon>
    </group>
    <group text="Angry;" initial="0">
      <emoticon text="[deskflip]" button="yes">
        <source name="Angry - Desk flip" left="0" right="72" top="0" bottom="82"/>
      </emoticon>
      <emoticon text="[flip]" button="">
        <source name="Angry - Desk flip" left="0" right="72" top="0" bottom="82"/>
      </emoticon>
      <emoticon text="[tableflip]" button="">
        <source name="Angry - Desk flip" left="0" right="72" top="0" bottom="82"/>
      </emoticon>
      <emoticon text="[desk]" button="">
        <source name="Angry - Desk flip" left="0" right="72" top="0" bottom="82"/>
      </emoticon>
      <emoticon text="[table]" button="">
        <source name="Angry - Desk flip" left="0" right="72" top="0" bottom="82"/>
      </emoticon>
      <emoticon text="[drool]" button="yes">
        <source name="Angry - Drool" left="0" right="59" top="0" bottom="74"/>
      </emoticon>
      <emoticon text="[eyes]" button="yes">
        <source name="Angry - Eyes" left="0" right="58" top="0" bottom="74"/>
      </emoticon>
      <emoticon text="[fff]" button="">
        <source name="Angry - Eyes" left="0" right="58" top="0" bottom="74"/>
      </emoticon>
      <emoticon text="[imminent]" button="">
        <source name="Angry - Eyes" left="0" right="58" top="0" bottom="74"/>
      </emoticon>
      <emoticon text="[grumpycat]" button="yes">
        <source name="Angry - Grumpy Cat" left="0" right="72" top="0" bottom="82"/>
      </emoticon>
      <emoticon text="[grumpycatno]" button="">
        <source name="Angry - Grumpy Cat" left="0" right="72" top="0" bottom="82"/>
      </emoticon>
      <emoticon text="[son]" button="yes">
        <source name="Angry - I Am Disappoint" left="0" right="43" top="0" bottom="74"/>
      </emoticon>
      <emoticon text="[disappoint]" button="">
        <source name="Angry - I Am Disappoint" left="0" right="43" top="0" bottom="74"/>
      </emoticon>
      <emoticon text="[look]" button="yes">
        <source name="Angry - Look" left="0" right="59" top="0" bottom="74"/>
      </emoticon>
      <emoticon text="[mom]" button="yes">
        <source name="Angry - Mom" left="0" right="53" top="0" bottom="74"/>
      </emoticon>
      <emoticon text="[no]" button="yes">
        <source name="Angry - No" left="0" right="62" top="0" bottom="74"/>
      </emoticon>
      <emoticon text="[notokay]" button="yes">
        <source name="Angry - Not Okay" left="0" right="57" top="0" bottom="75"/>
      </emoticon>
      <emoticon text="[bitter]" button="">
        <source name="Angry - Not Okay" left="0" right="57" top="0" bottom="75"/>
      </emoticon>
      <emoticon text="[shaking]" button="yes">
        <source name="Angry - Shaking" left="0" right="59" top="0" bottom="74"/>
      </emoticon>
      <emoticon text="[sidemouth]" button="yes">
        <source name="Angry - Side Mouth" left="0" right="62" top="0" bottom="74"/>
      </emoticon>
      <emoticon text="[lefu]" button="">
        <source name="Angry - Side Mouth" left="0" right="62" top="0" bottom="74"/>
      </emoticon>
      <emoticon text="[stare]" button="yes">
        <source name="Angry - Stare" left="0" right="87" top="0" bottom="74"/>
      </emoticon>
      <emoticon text="[uhm]" button="yes">
        <source name="Angry - Uhm" left="0" right="58" top="0" bottom="74"/>
      </emoticon>
      <emoticon text="[mad]" button="">
        <source name="Angry - Uhm" left="0" right="58" top="0" bottom="74"/>
      </emoticon>
      <emoticon text="[whathaveyoudone]" button="yes">
        <source name="Angry - What Have You Done" left="0" right="55" top="0" bottom="74"/>
      </emoticon>
      <emoticon text="[whyd]" button="">
        <source name="Angry - What Have You Done" left="0" right="55" top="0" bottom="74"/>
      </emoticon>
      <emoticon text="[done]" button="">
        <source name="Angry - What Have You Done" left="0" right="55" top="0" bottom="74"/>
      </emoticon>
      <emoticon text="[yuno]" button="yes">
        <source name="Angry - Y U NO" left="0" right="63" top="0" bottom="74"/>
      </emoticon>
    </group>
    <group text="Cereal guy;" initial="0">
      <emoticon text="[beerguy]" button="yes">
        <source name="Cereal guy - Beer Guy" left="0" right="75" top="0" bottom="74"/>
      </emoticon>
      <emoticon text="[beer]" button="">
        <source name="Cereal guy - Beer Guy" left="0" right="75" top="0" bottom="74"/>
      </emoticon>
      <emoticon text="[cerealguyangry]" button="yes">
        <source name="Cereal guy - Cereal Guy Angry" left="0" right="76" top="0" bottom="74"/>
      </emoticon>
      <emoticon text="[cerealangry]" button="">
        <source name="Cereal guy - Cereal Guy Angry" left="0" right="76" top="0" bottom="74"/>
      </emoticon>
      <emoticon text="[cerealguysquint]" button="yes">
        <source name="Cereal guy - Cereal Guy Squint" left="0" right="78" top="0" bottom="74"/>
      </emoticon>
      <emoticon text="[cerealsquint]" button="">
        <source name="Cereal guy - Cereal Guy Squint" left="0" right="78" top="0" bottom="74"/>
      </emoticon>
      <emoticon text="[cerealguy]" button="yes">
        <source name="Cereal guy - Cereal Guy" left="0" right="74" top="0" bottom="74"/>
      </emoticon>
      <emoticon text="[cereal]" button="">
        <source name="Cereal guy - Cereal Guy" left="0" right="74" top="0" bottom="74"/>
      </emoticon>
      <emoticon text="[cerealspit]" button="yes">
        <source name="Cereal guy - Cereal Spitting" left="0" right="98" top="0" bottom="74"/>
      </emoticon>
      <emoticon text="[spit]" button="">
        <source name="Cereal guy - Cereal Spitting" left="0" right="98" top="0" bottom="74"/>
      </emoticon>
      <emoticon text="[newspaperguytear]" button="yes">
        <source name="Cereal guy - Newspaper Guy Tear" left="0" right="60" top="0" bottom="74"/>
      </emoticon>
      <emoticon text="[newspapertear]" button="">
        <source name="Cereal guy - Newspaper Guy Tear" left="0" right="60" top="0" bottom="74"/>
      </emoticon>
      <emoticon text="[tear]" button="">
        <source name="Cereal guy - Newspaper Guy Tear" left="0" right="60" top="0" bottom="74"/>
      </emoticon>
      <emoticon text="[newspaperguy]" button="yes">
        <source name="Cereal guy - Newspaper Guy" left="0" right="87" top="0" bottom="74"/>
      </emoticon>
      <emoticon text="[newspaper]" button="">
        <source name="Cereal guy - Newspaper Guy" left="0" right="87" top="0" bottom="74"/>
      </emoticon>
    </group>
    <group text="Determined;" initial="0">
      <emoticon text="[challengeconsidered]" button="yes">
        <source name="Determined - Challenge Considered" left="0" right="49" top="0" bottom="66"/>
      </emoticon>
      <emoticon text="[considered]" button="">
        <source name="Determined - Challenge Considered" left="0" right="49" top="0" bottom="66"/>
      </emoticon>
      <emoticon text="[challenge]" button="yes">
        <source name="Determined - Challenge" left="0" right="54" top="0" bottom="74"/>
      </emoticon>
      <emoticon text="[notsure]" button="yes">
        <source name="Determined - Conflicting Emotions" left="0" right="30" top="0" bottom="74"/>
      </emoticon>
      <emoticon text="[dunno]" button="">
        <source name="Determined - Conflicting Emotions" left="0" right="30" top="0" bottom="74"/>
      </emoticon>
      <emoticon text="[sweat]" button="yes">
        <source name="Determined - Crazy Concentrate Sweat" left="0" right="58" top="0" bottom="74"/>
      </emoticon>
      <emoticon text="[workinghard]" button="">
        <source name="Determined - Crazy Concentrate Sweat" left="0" right="58" top="0" bottom="74"/>
      </emoticon>
      <emoticon text="[fumanchu]" button="yes">
        <source name="Determined - Fu Manchu" left="0" right="87" top="0" bottom="74"/>
      </emoticon>
      <emoticon text="[gah]" button="yes">
        <source name="Determined - Gah" left="0" right="59" top="0" bottom="74"/>
      </emoticon>
      <emoticon text="[sweaty]" button="">
        <source name="Determined - Gah" left="0" right="59" top="0" bottom="74"/>
      </emoticon>
      <emoticon text="[hmm]" button="yes">
        <source name="Determined - Hmm" left="0" right="59" top="0" bottom="74"/>
      </emoticon>
      <emoticon text="[itstime]" button="yes">
        <source name="Determined - It's Time" left="0" right="57" top="0" bottom="74"/>
      </emoticon>
      <emoticon text="[serious]" button="">
        <source name="Determined - It's Time" left="0" right="57" top="0" bottom="74"/>
      </emoticon>
      <emoticon text="[determined]" button="">
        <source name="Determined - It's Time" left="0" right="57" top="0" bottom="74"/>
      </emoticon>
    </group>
    <group text="Happy;" initial="0">
      <emoticon text="[everythingwentbetterthanexpected]" button="yes">
        <source name="Happy - Everything Went Better Than Expected" left="0" right="80" top="0" bottom="74"/>
      </emoticon>
      <emoticon text="[betterthanexpected]" button="">
        <source name="Happy - Everything Went Better Than Expected" left="0" right="80" top="0" bottom="74"/>
      </emoticon>
      <emoticon text="[ewbte]" button="">
        <source name="Happy - Everything Went Better Than Expected" left="0" right="80" top="0" bottom="74"/>
      </emoticon>
      <emoticon text="[ya]" button="yes">
        <source name="Happy - Excited" left="0" right="61" top="0" bottom="74"/>
      </emoticon>
      <emoticon text="[yey]" button="">
        <source name="Happy - Excited" left="0" right="61" top="0" bottom="74"/>
      </emoticon>
      <emoticon text="[foreveraloneexcited]" button="yes">
        <source name="Happy - Forever Alone Excited" left="0" right="56" top="0" bottom="74"/>
      </emoticon>
      <emoticon text="[faexcited]" button="">
        <source name="Happy - Forever Alone Excited" left="0" right="56" top="0" bottom="74"/>
      </emoticon>
      <emoticon text="[falaugh]" button="">
        <source name="Happy - Forever Alone Excited" left="0" right="56" top="0" bottom="74"/>
      </emoticon>
      <emoticon text="[friends]" button="">
        <source name="Happy - Forever Alone Excited" left="0" right="56" top="0" bottom="74"/>
      </emoticon>
      <emoticon text="[grandma]" button="yes">
        <source name="Happy - Grandma" left="0" right="65" top="0" bottom="74"/>
      </emoticon>
      <emoticon text="[granny]" button="">
        <source name="Happy - Grandma" left="0" right="65" top="0" bottom="74"/>
      </emoticon>
      <emoticon text="[happy]" button="yes">
        <source name="Happy - Happy" left="0" right="60" top="0" bottom="74"/>
      </emoticon>
      <emoticon text="[hatersgonnahate]" button="yes">
        <source name="Happy - Haters Gonna Hate" left="0" right="54" top="0" bottom="74"/>
      </emoticon>
      <emoticon text="[haters]" button="">
        <source name="Happy - Haters Gonna Hate" left="0" right="54" top="0" bottom="74"/>
      </emoticon>
      <emoticon text="[hgh]" button="">
        <source name="Happy - Haters Gonna Hate" left="0" right="54" top="0" bottom="74"/>
      </emoticon>
      <emoticon text="[hehheh]" button="yes">
        <source name="Happy - Heh heh" left="0" right="60" top="0" bottom="74"/>
      </emoticon>
      <emoticon text="[hehehe]" button="">
        <source name="Happy - Heh heh" left="0" right="60" top="0" bottom="74"/>
      </emoticon>
      <emoticon text="[isee]" button="yes">
        <source name="Happy - I See" left="0" right="67" top="0" bottom="74"/>
      </emoticon>
      <emoticon text="[iseewhatyoudidthere]" button="">
        <source name="Happy - I See" left="0" right="67" top="0" bottom="74"/>
      </emoticon>
      <emoticon text="[ok]" button="yes">
        <source name="Happy - Ok" left="0" right="79" top="0" bottom="74"/>
      </emoticon>
      <emoticon text="[nice]" button="">
        <source name="Happy - Ok" left="0" right="79" top="0" bottom="74"/>
      </emoticon>
      <emoticon text="[great]" button="">
        <source name="Happy - Ok" left="0" right="79" top="0" bottom="74"/>
      </emoticon>
      <emoticon text="[thumb]" button="">
        <source name="Happy - Ok" left="0" right="79" top="0" bottom="74"/>
      </emoticon>
      <emoticon text="[thumbs]" button="">
        <source name="Happy - Ok" left="0" right="79" top="0" bottom="74"/>
      </emoticon>
      <emoticon text="[overjoyed]" button="yes">
        <source name="Happy - Overjoyed" left="0" right="64" top="0" bottom="77"/>
      </emoticon>
      <emoticon text="[nowords]" button="">
        <source name="Happy - Overjoyed" left="0" right="64" top="0" bottom="77"/>
      </emoticon>
      <emoticon text="[daww]" button="">
        <source name="Happy - Overjoyed" left="0" right="64" top="0" bottom="77"/>
      </emoticon>
      <emoticon text="[perfect]" button="yes">
        <source name="Happy - Perfect" left="0" right="73" top="0" bottom="74"/>
      </emoticon>
      <emoticon text="[biggrin]" button="">
        <source name="Happy - Perfect" left="0" right="73" top="0" bottom="74"/>
      </emoticon>
      <emoticon text="[satisfied]" button="yes">
        <source name="Happy - Satisfied" left="0" right="61" top="0" bottom="74"/>
      </emoticon>
      <emoticon text="[relief]" button="">
        <source name="Happy - Satisfied" left="0" right="61" top="0" bottom="74"/>
      </emoticon>
      <emoticon text="[ahh]" button="">
        <source name="Happy - Satisfied" left="0" right="61" top="0" bottom="74"/>
      </emoticon>
      <emoticon text="[ah]" button="">
        <source name="Happy - Satisfied" left="0" right="61" top="0" bottom="74"/>
      </emoticon>
      <emoticon text="[smile]" button="yes">
        <source name="Happy - Smile" left="0" right="65" top="0" bottom="74"/>
      </emoticon>
      <emoticon text="[catsmile]" button="">
        <source name="Happy - Smile" left="0" right="65" top="0" bottom="74"/>
      </emoticon>
      <emoticon text="[win]" button="yes">
        <source name="Happy - Win" left="0" right="59" top="0" bottom="74"/>
      </emoticon>
      <emoticon text="[epicwin]" button="">
        <source name="Happy - Win" left="0" right="59" top="0" bottom="74"/>
      </emoticon>
    </group>
    <group text="Laughing;" initial="0">
      <emoticon text="[celo]" button="yes">
        <source name="Laughing - Aint That Some Shit" left="0" right="48" top="0" bottom="74"/>
      </emoticon>
      <emoticon text="[aintthatsomeshit]" button="">
        <source name="Laughing - Aint That Some Shit" left="0" right="48" top="0" bottom="74"/>
      </emoticon>
      <emoticon text="[awyea]" button="yes">
        <source name="Laughing - Awww Yea" left="0" right="85" top="0" bottom="56"/>
      </emoticon>
      <emoticon text="[awyeah]" button="">
        <source name="Laughing - Awww Yea" left="0" right="85" top="0" bottom="56"/>
      </emoticon>
      <emoticon text="[ay]" button="">
        <source name="Laughing - Awww Yea" left="0" right="85" top="0" bottom="56"/>
      </emoticon>
      <emoticon text="[rightfuckthat]" button="yes">
        <source name="Laughing - Fuck That Shit Right" left="0" right="46" top="0" bottom="74"/>
      </emoticon>
      <emoticon text="[rft]" button="">
        <source name="Laughing - Fuck That Shit Right" left="0" right="46" top="0" bottom="74"/>
      </emoticon>
      <emoticon text="[fuckthatshit]" button="yes">
        <source name="Laughing - Fuck That Shit" left="0" right="46" top="0" bottom="74"/>
      </emoticon>
      <emoticon text="[fuckthat]" button="">
        <source name="Laughing - Fuck That Shit" left="0" right="46" top="0" bottom="74"/>
      </emoticon>
      <emoticon text="[ft]" button="">
        <source name="Laughing - Fuck That Shit" left="0" right="46" top="0" bottom="74"/>
      </emoticon>
      <emoticon text="[leftfuckthat]" button="">
        <source name="Laughing - Fuck That Shit" left="0" right="46" top="0" bottom="74"/>
      </emoticon>
      <emoticon text="[lft]" button="">
        <source name="Laughing - Fuck That Shit" left="0" right="46" top="0" bottom="74"/>
      </emoticon>
      <emoticon text="[high]" button="yes">
        <source name="Laughing - High" left="0" right="55" top="0" bottom="74"/>
      </emoticon>
      <emoticon text="[ooo]" button="yes">
        <source name="Laughing - LOL (No Text)" left="0" right="41" top="0" bottom="57"/>
      </emoticon>
      <emoticon text="[lol]" button="yes">
        <source name="Laughing - LOL" left="0" right="64" top="0" bottom="58"/>
      </emoticon>
      <emoticon text="[LOL]" button="">
        <source name="Laughing - LOL" left="0" right="64" top="0" bottom="58"/>
      </emoticon>
      <emoticon text="[pft2]" button="yes">
        <source name="Laughing - Pffttchhchhh" left="0" right="84" top="0" bottom="74"/>
      </emoticon>
      <emoticon text="[expectant]" button="">
        <source name="Laughing - Pffttchhchhh" left="0" right="84" top="0" bottom="74"/>
      </emoticon>
      <emoticon text="[pft]" button="yes">
        <source name="Laughing - Pft" left="0" right="59" top="0" bottom="74"/>
      </emoticon>
      <emoticon text="[lulz]" button="">
        <source name="Laughing - Pft" left="0" right="59" top="0" bottom="74"/>
      </emoticon>
    </group>
    <group text="Malicious;" initial="0">
      <emoticon text="[deviltroll]" button="yes">
        <source name="Malicious - Devil Troll" left="0" right="49" top="0" bottom="74"/>
      </emoticon>
      <emoticon text="[evil]" button="">
        <source name="Malicious - Devil Troll" left="0" right="49" top="0" bottom="74"/>
      </emoticon>
      <emoticon text="[devil]" button="">
        <source name="Malicious - Devil Troll" left="0" right="49" top="0" bottom="74"/>
      </emoticon>
      <emoticon text="[dbag]" button="yes">
        <source name="Malicious - Douchebag" left="0" right="61" top="0" bottom="74"/>
      </emoticon>
      <emoticon text="[brah]" button="">
        <source name="Malicious - Douchebag" left="0" right="61" top="0" bottom="74"/>
      </emoticon>
      <emoticon text="[douche]" button="">
        <source name="Malicious - Douchebag" left="0" right="61" top="0" bottom="74"/>
      </emoticon>
      <emoticon text="[douchebag]" button="">
        <source name="Malicious - Douchebag" left="0" right="61" top="0" bottom="74"/>
      </emoticon>
      <emoticon text="[evilsmile]" button="yes">
        <source name="Malicious - Evil Smile" left="0" right="57" top="0" bottom="74"/>
      </emoticon>
      <emoticon text="[hah]" button="">
        <source name="Malicious - Evil Smile" left="0" right="57" top="0" bottom="74"/>
      </emoticon>
      <emoticon text="[gaytroll]" button="yes">
        <source name="Malicious - Gay Troll" left="0" right="59" top="0" bottom="74"/>
      </emoticon>
      <emoticon text="[gay]" button="">
        <source name="Malicious - Gay Troll" left="0" right="59" top="0" bottom="74"/>
      </emoticon>
      <emoticon text="[grannytroll]" button="yes">
        <source name="Malicious - Granny Troll" left="0" right="68" top="0" bottom="74"/>
      </emoticon>
      <emoticon text="[grinch]" button="yes">
        <source name="Malicious - Grinch" left="0" right="56" top="0" bottom="74"/>
      </emoticon>
      <emoticon text="[seal]" button="yes">
        <source name="Malicious - Homophobic Seal" left="0" right="84" top="0" bottom="93"/>
      </emoticon>
      <emoticon text="[gayseal]" button="">
        <source name="Malicious - Homophobic Seal" left="0" right="84" top="0" bottom="93"/>
      </emoticon>
      <emoticon text="[gaay]" button="">
        <source name="Malicious - Homophobic Seal" left="0" right="84" top="0" bottom="93"/>
      </emoticon>
      <emoticon text="[ilied]" button="yes">
        <source name="Malicious - I Lied" left="0" right="76" top="0" bottom="74"/>
      </emoticon>
      <emoticon text="[wayevil]" button="">
        <source name="Malicious - I Lied" left="0" right="76" top="0" bottom="74"/>
      </emoticon>
      <emoticon text="[melvin]" button="yes">
        <source name="Malicious - Melvin" left="0" right="57" top="0" bottom="74"/>
      </emoticon>
      <emoticon text="[problemguy]" button="yes">
        <source name="Malicious - Problem Guy" left="0" right="81" top="0" bottom="74"/>
      </emoticon>
      <emoticon text="[okaytroll]" button="">
        <source name="Malicious - Problem Guy" left="0" right="81" top="0" bottom="74"/>
      </emoticon>
      <emoticon text="[happyrage]" button="yes">
        <source name="Malicious - Rage Happy" left="0" right="55" top="0" bottom="74"/>
      </emoticon>
      <emoticon text="[hrage]" button="">
        <source name="Malicious - Rage Happy" left="0" right="55" top="0" bottom="74"/>
      </emoticon>
      <emoticon text="[sadmelvin]" button="yes">
        <source name="Malicious - Sad Melvin" left="0" right="59" top="0" bottom="74"/>
      </emoticon>
      <emoticon text="[sadtroll]" button="yes">
        <source name="Malicious - Sad Troll" left="0" right="83" top="0" bottom="74"/>
      </emoticon>
      <emoticon text="[trolldadjump]" button="yes">
        <source name="Malicious - Troll Dad Jump" left="0" right="43" top="0" bottom="74"/>
      </emoticon>
      <emoticon text="[tdjump]" button="">
        <source name="Malicious - Troll Dad Jump" left="0" right="43" top="0" bottom="74"/>
      </emoticon>
      <emoticon text="[tdj]" button="">
        <source name="Malicious - Troll Dad Jump" left="0" right="43" top="0" bottom="74"/>
      </emoticon>
      <emoticon text="[trolldadmonocle]" button="yes">
        <source name="Malicious - Troll Dad Monocle" left="0" right="48" top="0" bottom="74"/>
      </emoticon>
      <emoticon text="[trolldadm]" button="">
        <source name="Malicious - Troll Dad Monocle" left="0" right="48" top="0" bottom="74"/>
      </emoticon>
      <emoticon text="[tdm]" button="">
        <source name="Malicious - Troll Dad Monocle" left="0" right="48" top="0" bottom="74"/>
      </emoticon>
      <emoticon text="[trollhot]" button="yes">
        <source name="Malicious - Troll Hot" left="0" right="68" top="0" bottom="74"/>
      </emoticon>
      <emoticon text="[hottroll]" button="">
        <source name="Malicious - Troll Hot" left="0" right="68" top="0" bottom="74"/>
      </emoticon>
      <emoticon text="[babe]" button="">
        <source name="Malicious - Troll Hot" left="0" right="68" top="0" bottom="74"/>
      </emoticon>
      <emoticon text="[insanetroll]" button="yes">
        <source name="Malicious - Troll Insane" left="0" right="68" top="0" bottom="74"/>
      </emoticon>
      <emoticon text="[insane]" button="">
        <source name="Malicious - Troll Insane" left="0" right="68" top="0" bottom="74"/>
      </emoticon>
      <emoticon text="[excited]" button="">
        <source name="Malicious - Troll Insane" left="0" right="68" top="0" bottom="74"/>
      </emoticon>
      <emoticon text="[trolol]" button="yes">
        <source name="Malicious - Troll Lol" left="0" right="97" top="0" bottom="59"/>
      </emoticon>
      <emoticon text="[trollol]" button="">
        <source name="Malicious - Troll Lol" left="0" right="97" top="0" bottom="59"/>
      </emoticon>
      <emoticon text="[trolllol]" button="">
        <source name="Malicious - Troll Lol" left="0" right="97" top="0" bottom="59"/>
      </emoticon>
      <emoticon text="[peek]" button="yes">
        <source name="Malicious - Troll peeking" left="0" right="65" top="0" bottom="32"/>
      </emoticon>
      <emoticon text="[trollpeek]" button="">
        <source name="Malicious - Troll peeking" left="0" right="65" top="0" bottom="32"/>
      </emoticon>
      <emoticon text="[troll]" button="yes">
        <source name="Malicious - Troll" left="0" right="65" top="0" bottom="74"/>
      </emoticon>
      <emoticon text="[problem]" button="">
        <source name="Malicious - Troll" left="0" right="65" top="0" bottom="74"/>
      </emoticon>
      <emoticon text="[umad]" button="">
        <source name="Malicious - Troll" left="0" right="65" top="0" bottom="74"/>
      </emoticon>
      <emoticon text="[trolldad]" button="yes">
        <source name="Malicious - TrollDad" left="0" right="45" top="0" bottom="74"/>
      </emoticon>
    </group>
    <group text="Memes;" initial="0">
      <emoticon text="[antichicken]" button="yes">
        <source name="Memes - Anti Joke Chicken" left="0" right="70" top="0" bottom="75"/>
      </emoticon>
      <emoticon text="[antijokechicken]" button="">
        <source name="Memes - Anti Joke Chicken" left="0" right="70" top="0" bottom="75"/>
      </emoticon>
      <emoticon text="[bachelorfrog]" button="yes">
        <source name="Memes - Foul Bachelor Frog" left="0" right="70" top="0" bottom="75"/>
      </emoticon>
      <emoticon text="[foulbachelorfrog]" button="">
        <source name="Memes - Foul Bachelor Frog" left="0" right="70" top="0" bottom="75"/>
      </emoticon>
      <emoticon text="[malefrog]" button="">
        <source name="Memes - Foul Bachelor Frog" left="0" right="70" top="0" bottom="75"/>
      </emoticon>
      <emoticon text="[bachelorettefrog]" button="yes">
        <source name="Memes - Foul Bachelorette Frog" left="0" right="70" top="0" bottom="75"/>
      </emoticon>
      <emoticon text="[foulbachelorettefrog]" button="">
        <source name="Memes - Foul Bachelorette Frog" left="0" right="70" top="0" bottom="75"/>
      </emoticon>
      <emoticon text="[femalefrog]" button="">
        <source name="Memes - Foul Bachelorette Frog" left="0" right="70" top="0" bottom="75"/>
      </emoticon>
      <emoticon text="[fry]" button="yes">
        <source name="Memes - Fry" left="0" right="79" top="0" bottom="83"/>
      </emoticon>
      <emoticon text="[notsureiftrolling]" button="">
        <source name="Memes - Fry" left="0" right="79" top="0" bottom="83"/>
      </emoticon>
      <emoticon text="[nsit]" button="">
        <source name="Memes - Fry" left="0" right="79" top="0" bottom="83"/>
      </emoticon>
      <emoticon text="[happyface]" button="yes">
        <source name="Memes - Happy Face " left="0" right="57" top="0" bottom="64"/>
      </emoticon>
      <emoticon text="[asiandad]" button="yes">
        <source name="Memes - High Expectation Asian Dad" left="0" right="50" top="0" bottom="75"/>
      </emoticon>
      <emoticon text="[hipster]" button="yes">
        <source name="Memes - Hipster Kitty" left="0" right="70" top="0" bottom="75"/>
      </emoticon>
      <emoticon text="[hipsterkitty]" button="">
        <source name="Memes - Hipster Kitty" left="0" right="70" top="0" bottom="75"/>
      </emoticon>
      <emoticon text="[hk]" button="">
        <source name="Memes - Hipster Kitty" left="0" right="70" top="0" bottom="75"/>
      </emoticon>
      <emoticon text="[insanewolf]" button="yes">
        <source name="Memes - Insane Wolf" left="0" right="70" top="0" bottom="75"/>
      </emoticon>
      <emoticon text="[wolf]" button="">
        <source name="Memes - Insane Wolf" left="0" right="70" top="0" bottom="75"/>
      </emoticon>
      <emoticon text="[trap]" button="yes">
        <source name="Memes - It's a Trap" left="0" right="70" top="0" bottom="75"/>
      </emoticon>
      <emoticon text="[itsatrap]" button="">
        <source name="Memes - It's a Trap" left="0" right="70" top="0" bottom="75"/>
      </emoticon>
      <emoticon text="[lamepuncoon]" button="yes">
        <source name="Memes - Lame Pun Coon" left="0" right="70" top="0" bottom="75"/>
      </emoticon>
      <emoticon text="[lamepun]" button="">
        <source name="Memes - Lame Pun Coon" left="0" right="70" top="0" bottom="75"/>
      </emoticon>
      <emoticon text="[puncoon]" button="">
        <source name="Memes - Lame Pun Coon" left="0" right="70" top="0" bottom="75"/>
      </emoticon>
      <emoticon text="[paranoid]" button="yes">
        <source name="Memes - Paranoid Parrot" left="0" right="70" top="0" bottom="75"/>
      </emoticon>
      <emoticon text="[parrot]" button="">
        <source name="Memes - Paranoid Parrot" left="0" right="70" top="0" bottom="75"/>
      </emoticon>
      <emoticon text="[paranoidparrot]" button="">
        <source name="Memes - Paranoid Parrot" left="0" right="70" top="0" bottom="75"/>
      </emoticon>
      <emoticon text="[philosoraptor]" button="yes">
        <source name="Memes - Philosoraptor" left="0" right="70" top="0" bottom="75"/>
      </emoticon>
      <emoticon text="[raptor]" button="">
        <source name="Memes - Philosoraptor" left="0" right="70" top="0" bottom="75"/>
      </emoticon>
      <emoticon text="[retardedgirl]" button="yes">
        <source name="Memes - Retarded Girl" left="0" right="70" top="0" bottom="75"/>
      </emoticon>
      <emoticon text="[penguin]" button="yes">
        <source name="Memes - Socially Awkward Penguin" left="0" right="40" top="0" bottom="75"/>
      </emoticon>
      <emoticon text="[awkwardpenguin]" button="">
        <source name="Memes - Socially Awkward Penguin" left="0" right="40" top="0" bottom="75"/>
      </emoticon>
      <emoticon text="[sociallyawkwardpenguin]" button="">
        <source name="Memes - Socially Awkward Penguin" left="0" right="40" top="0" bottom="75"/>
      </emoticon>
      <emoticon text="[successkid]" button="yes">
        <source name="Memes - Success Kid" left="0" right="70" top="0" bottom="75"/>
      </emoticon>
      <emoticon text="[kid]" button="">
        <source name="Memes - Success Kid" left="0" right="70" top="0" bottom="75"/>
      </emoticon>
      <emoticon text="[success]" button="">
        <source name="Memes - Success Kid" left="0" right="70" top="0" bottom="75"/>
      </emoticon>
      <emoticon text="[trollgod]" button="yes">
        <source name="Memes - Troll God" left="0" right="54" top="0" bottom="75"/>
      </emoticon>
      <emoticon text="[god]" button="">
        <source name="Memes - Troll God" left="0" right="54" top="0" bottom="75"/>
      </emoticon>
      <emoticon text="[whathaveidone]" button="yes">
        <source name="Memes - What Have I done " left="0" right="70" top="0" bottom="85"/>
      </emoticon>
      <emoticon text="[whid]" button="">
        <source name="Memes - What Have I done " left="0" right="70" top="0" bottom="85"/>
      </emoticon>
    </group>
    <group text="Miscellaneous;" initial="0">
      <emoticon text="[aliens]" button="yes">
        <source name="Miscellaneous - Aliens" left="0" right="64" top="0" bottom="74"/>
      </emoticon>
      <emoticon text="[allthethings]" button="yes">
        <source name="Miscellaneous - All the things" left="0" right="69" top="0" bottom="74"/>
      </emoticon>
      <emoticon text="[busted]" button="yes">
        <source name="Miscellaneous - Busted" left="0" right="58" top="0" bottom="74"/>
      </emoticon>
      <emoticon text="[oops]" button="">
        <source name="Miscellaneous - Busted" left="0" right="58" top="0" bottom="74"/>
      </emoticon>
      <emoticon text="[confused]" button="yes">
        <source name="Miscellaneous - Confused" left="0" right="56" top="0" bottom="74"/>
      </emoticon>
      <emoticon text="[butwhy]" button="">
        <source name="Miscellaneous - Confused" left="0" right="56" top="0" bottom="74"/>
      </emoticon>
      <emoticon text="[doge]" button="yes">
        <source name="Miscellaneous - Doge" left="0" right="64" top="0" bottom="74"/>
      </emoticon>
      <emoticon text="[drunk]" button="yes">
        <source name="Miscellaneous - Drunk" left="0" right="45" top="0" bottom="74"/>
      </emoticon>
      <emoticon text="[epicfailguy]" button="yes">
        <source name="Miscellaneous - Epic Fail Guy" left="0" right="32" top="0" bottom="74"/>
      </emoticon>
      <emoticon text="[efg]" button="">
        <source name="Miscellaneous - Epic Fail Guy" left="0" right="32" top="0" bottom="74"/>
      </emoticon>
      <emoticon text="[errg]" button="yes">
        <source name="Miscellaneous - Errg" left="0" right="73" top="0" bottom="74"/>
      </emoticon>
      <emoticon text="[release]" button="">
        <source name="Miscellaneous - Errg" left="0" right="73" top="0" bottom="74"/>
      </emoticon>
      <emoticon text="[grandmashit]" button="yes">
        <source name="Miscellaneous - Grandma Shit" left="0" right="44" top="0" bottom="74"/>
      </emoticon>
      <emoticon text="[shit]" button="">
        <source name="Miscellaneous - Grandma Shit" left="0" right="44" top="0" bottom="74"/>
      </emoticon>
      <emoticon text="[motherofgod]" button="yes">
        <source name="Miscellaneous - Mother Of God" left="0" right="80" top="0" bottom="104"/>
      </emoticon>
      <emoticon text="[rocket]" button="yes">
        <source name="Miscellaneous - Nothing to do here" left="0" right="100" top="0" bottom="90"/>
      </emoticon>
      <emoticon text="[jetpack]" button="">
        <source name="Miscellaneous - Nothing to do here" left="0" right="100" top="0" bottom="90"/>
      </emoticon>
      <emoticon text="[rohgod]" button="yes">
        <source name="Miscellaneous - Oh God Right" left="0" right="51" top="0" bottom="74"/>
      </emoticon>
      <emoticon text="[rgross]" button="">
        <source name="Miscellaneous - Oh God Right" left="0" right="51" top="0" bottom="74"/>
      </emoticon>
      <emoticon text="[rwtf]" button="">
        <source name="Miscellaneous - Oh God Right" left="0" right="51" top="0" bottom="74"/>
      </emoticon>
      <emoticon text="[ohgod]" button="yes">
        <source name="Miscellaneous - Oh God" left="0" right="51" top="0" bottom="74"/>
      </emoticon>
      <emoticon text="[gross]" button="">
        <source name="Miscellaneous - Oh God" left="0" right="51" top="0" bottom="74"/>
      </emoticon>
      <emoticon text="[wtf]" button="">
        <source name="Miscellaneous - Oh God" left="0" right="51" top="0" bottom="74"/>
      </emoticon>
      <emoticon text="[lgross]" button="">
        <source name="Miscellaneous - Oh God" left="0" right="51" top="0" bottom="74"/>
      </emoticon>
      <emoticon text="[lwtf]" button="">
        <source name="Miscellaneous - Oh God" left="0" right="51" top="0" bottom="74"/>
      </emoticon>
      <emoticon text="[omgrun]" button="yes">
        <source name="Miscellaneous - Omg Run" left="0" right="108" top="0" bottom="74"/>
      </emoticon>
      <emoticon text="[run]" button="">
        <source name="Miscellaneous - Omg Run" left="0" right="108" top="0" bottom="74"/>
      </emoticon>
      <emoticon text="[soclose]" button="yes">
        <source name="Miscellaneous - So Close" left="0" right="69" top="0" bottom="76"/>
      </emoticon>
      <emoticon text="[subtle]" button="yes">
        <source name="Miscellaneous - Spiderpman" left="0" right="51" top="0" bottom="74"/>
      </emoticon>
      <emoticon text="[nonchalant]" button="">
        <source name="Miscellaneous - Spiderpman" left="0" right="51" top="0" bottom="74"/>
      </emoticon>
      <emoticon text="[ltada]" button="yes">
        <source name="Miscellaneous - Tada left" left="0" right="64" top="0" bottom="103"/>
      </emoticon>
      <emoticon text="[tada]" button="yes">
        <source name="Miscellaneous - Tada" left="0" right="64" top="0" bottom="103"/>
      </emoticon>
      <emoticon text="[rtada]" button="">
        <source name="Miscellaneous - Tada" left="0" right="64" top="0" bottom="103"/>
      </emoticon>
      <emoticon text="[throwupinmouth]" button="yes">
        <source name="Miscellaneous - Throw Up In Mouth" left="0" right="62" top="0" bottom="74"/>
      </emoticon>
      <emoticon text="[throwup]" button="">
        <source name="Miscellaneous - Throw Up In Mouth" left="0" right="62" top="0" bottom="74"/>
      </emoticon>
      <emoticon text="[fullmouth]" button="">
        <source name="Miscellaneous - Throw Up In Mouth" left="0" right="62" top="0" bottom="74"/>
      </emoticon>
      <emoticon text="[truestory]" button="yes">
        <source name="Miscellaneous - True Story" left="0" right="64" top="0" bottom="74"/>
      </emoticon>
      <emoticon text="[concerned]" button="yes">
        <source name="Miscellaneous - What" left="0" right="52" top="0" bottom="74"/>
      </emoticon>
      <emoticon text="[mommy]" button="yes">
        <source name="Miscellaneous - Youthful Fear" left="0" right="59" top="0" bottom="74"/>
      </emoticon>
      <emoticon text="[zomg]" button="">
        <source name="Miscellaneous - Youthful Fear" left="0" right="59" top="0" bottom="74"/>
      </emoticon>
    </group>
    <group text="Neutral;" initial="0">
      <emoticon text="[badpokerface]" button="yes">
        <source name="Neutral - Bad Poker Face" left="0" right="51" top="0" bottom="74"/>
      </emoticon>
      <emoticon text="[badpoker]" button="">
        <source name="Neutral - Bad Poker Face" left="0" right="51" top="0" bottom="74"/>
      </emoticon>
      <emoticon text="[beh]" button="yes">
        <source name="Neutral - Beh" left="0" right="61" top="0" bottom="74"/>
      </emoticon>
      <emoticon text="[dazed]" button="yes">
        <source name="Neutral - Dazed" left="0" right="59" top="0" bottom="74"/>
      </emoticon>
      <emoticon text="[comeon]" button="yes">
        <source name="Neutral - Dude Come On Smile" left="0" right="57" top="0" bottom="74"/>
      </emoticon>
      <emoticon text="[dude]" button="yes">
        <source name="Neutral - Dude" left="0" right="59" top="0" bottom="74"/>
      </emoticon>
      <emoticon text="[meh]" button="">
        <source name="Neutral - Dude" left="0" right="59" top="0" bottom="74"/>
      </emoticon>
      <emoticon text="[likeasir]" button="yes">
        <source name="Neutral - Feel Like A Sir" left="0" right="80" top="0" bottom="91"/>
      </emoticon>
      <emoticon text="[itssomething]" button="yes">
        <source name="Neutral - It's Something" left="0" right="97" top="0" bottom="90"/>
      </emoticon>
      <emoticon text="[working]" button="yes">
        <source name="Neutral - Occupied" left="0" right="60" top="0" bottom="74"/>
      </emoticon>
      <emoticon text="[busy]" button="">
        <source name="Neutral - Occupied" left="0" right="60" top="0" bottom="74"/>
      </emoticon>
      <emoticon text="[focus]" button="">
        <source name="Neutral - Occupied" left="0" right="60" top="0" bottom="74"/>
      </emoticon>
      <emoticon text="[pirate]" button="yes">
        <source name="Neutral - Pirate" left="0" right="56" top="0" bottom="74"/>
      </emoticon>
      <emoticon text="[thickpokerface]" button="yes">
        <source name="Neutral - Poker Face Thick" left="0" right="54" top="0" bottom="74"/>
      </emoticon>
      <emoticon text="[thickpoker]" button="">
        <source name="Neutral - Poker Face Thick" left="0" right="54" top="0" bottom="74"/>
      </emoticon>
      <emoticon text="[guilty]" button="">
        <source name="Neutral - Poker Face Thick" left="0" right="54" top="0" bottom="74"/>
      </emoticon>
      <emoticon text="[pokerface]" button="yes">
        <source name="Neutral - Poker Face" left="0" right="59" top="0" bottom="74"/>
      </emoticon>
      <emoticon text="[poker]" button="">
        <source name="Neutral - Poker Face" left="0" right="59" top="0" bottom="74"/>
      </emoticon>
      <emoticon text="[pf]" button="">
        <source name="Neutral - Poker Face" left="0" right="59" top="0" bottom="74"/>
      </emoticon>
      <emoticon text="[richfu]" button="yes">
        <source name="Neutral - Rich Fu" left="0" right="46" top="0" bottom="74"/>
      </emoticon>
      <emoticon text="[rich]" button="">
        <source name="Neutral - Rich Fu" left="0" right="46" top="0" bottom="74"/>
      </emoticon>
      <emoticon text="[quite]" button="">
        <source name="Neutral - Rich Fu" left="0" right="46" top="0" bottom="74"/>
      </emoticon>
      <emoticon text="[straight]" button="yes">
        <source name="Neutral - Straight" left="0" right="59" top="0" bottom="74"/>
      </emoticon>
      <emoticon text="[thingswentokay]" button="yes">
        <source name="Neutral - ThingsWentOkay" left="0" right="71" top="0" bottom="74"/>
      </emoticon>
      <emoticon text="[wentokay]" button="">
        <source name="Neutral - ThingsWentOkay" left="0" right="71" top="0" bottom="74"/>
      </emoticon>
      <emoticon text="[tongue]" button="yes">
        <source name="Neutral - Tongue" left="0" right="61" top="0" bottom="74"/>
      </emoticon>
      <emoticon text="[wah]" button="yes">
        <source name="Neutral - Wah" left="0" right="61" top="0" bottom="74"/>
      </emoticon>
      <emoticon text="[huh]" button="">
        <source name="Neutral - Wah" left="0" right="61" top="0" bottom="74"/>
      </emoticon>
      <emoticon text="[wat]" button="yes">
        <source name="Neutral - Wat" left="0" right="59" top="0" bottom="74"/>
      </emoticon>
      <emoticon text="[suspicious]" button="">
        <source name="Neutral - Wat" left="0" right="59" top="0" bottom="74"/>
      </emoticon>
      <emoticon text="[yawn]" button="yes">
        <source name="Neutral - Yawn" left="0" right="57" top="0" bottom="74"/>
      </emoticon>
    </group>
    <group text="Pleasure;" initial="0">
      <emoticon text="[classyfap]" button="yes">
        <source name="Pleasure - Classy Fap" left="0" right="59" top="0" bottom="74"/>
      </emoticon>
      <emoticon text="[richfap]" button="">
        <source name="Pleasure - Classy Fap" left="0" right="59" top="0" bottom="74"/>
      </emoticon>
      <emoticon text="[dogsweetjesus]" button="yes">
        <source name="Pleasure - Dog Sweet Jesus" left="0" right="79" top="0" bottom="74"/>
      </emoticon>
      <emoticon text="[fap]" button="yes">
        <source name="Pleasure - Fap Fap" left="0" right="72" top="0" bottom="74"/>
      </emoticon>
      <emoticon text="[fapfap]" button="">
        <source name="Pleasure - Fap Fap" left="0" right="72" top="0" bottom="74"/>
      </emoticon>
      <emoticon text="[fapfapfap]" button="">
        <source name="Pleasure - Fap Fap" left="0" right="72" top="0" bottom="74"/>
      </emoticon>
      <emoticon text="[femalefap]" button="yes">
        <source name="Pleasure - Female Fap" left="0" right="56" top="0" bottom="74"/>
      </emoticon>
      <emoticon text="[schlick]" button="">
        <source name="Pleasure - Female Fap" left="0" right="56" top="0" bottom="74"/>
      </emoticon>
      <emoticon text="[taco]" button="yes">
        <source name="Pleasure - Gonna fuck that taco" left="0" right="64" top="0" bottom="75"/>
      </emoticon>
      <emoticon text="[ifyouknowwhatimean]" button="yes">
        <source name="Pleasure - If you know what i mean" left="0" right="71" top="0" bottom="74"/>
      </emoticon>
      <emoticon text="[bean]" button="">
        <source name="Pleasure - If you know what i mean" left="0" right="71" top="0" bottom="74"/>
      </emoticon>
      <emoticon text="[creepymegusta]" button="yes">
        <source name="Pleasure - Me Gusta Mucho Creepy" left="0" right="62" top="0" bottom="74"/>
      </emoticon>
      <emoticon text="[cmg]" button="">
        <source name="Pleasure - Me Gusta Mucho Creepy" left="0" right="62" top="0" bottom="74"/>
      </emoticon>
      <emoticon text="[evilmegusta]" button="">
        <source name="Pleasure - Me Gusta Mucho Creepy" left="0" right="62" top="0" bottom="74"/>
      </emoticon>
      <emoticon text="[emg]" button="">
        <source name="Pleasure - Me Gusta Mucho Creepy" left="0" right="62" top="0" bottom="74"/>
      </emoticon>
      <emoticon text="[mgperfect]" button="yes">
        <source name="Pleasure - Me Gusta Perfect" left="0" right="60" top="0" bottom="62"/>
      </emoticon>
      <emoticon text="[megustaperfect]" button="">
        <source name="Pleasure - Me Gusta Perfect" left="0" right="60" top="0" bottom="62"/>
      </emoticon>
      <emoticon text="[mgp]" button="">
        <source name="Pleasure - Me Gusta Perfect" left="0" right="60" top="0" bottom="62"/>
      </emoticon>
      <emoticon text="[bepistrollingyoubetter]" button="yes">
        <source name="Pleasure - Me Gusta" left="0" right="62" top="0" bottom="74"/>
      </emoticon>
      <emoticon text="[megusta]" button="">
        <source name="Pleasure - Me Gusta" left="0" right="62" top="0" bottom="74"/>
      </emoticon>
      <emoticon text="[mg]" button="">
        <source name="Pleasure - Me Gusta" left="0" right="62" top="0" bottom="74"/>
      </emoticon>
      <emoticon text="[nmg]" button="yes">
        <source name="Pleasure - No Me Gusta" left="0" right="64" top="0" bottom="82"/>
      </emoticon>
      <emoticon text="[nomegusta]" button="">
        <source name="Pleasure - No Me Gusta" left="0" right="64" top="0" bottom="82"/>
      </emoticon>
      <emoticon text="[ohyes]" button="yes">
        <source name="Pleasure - Ohhh Yes" left="0" right="71" top="0" bottom="74"/>
      </emoticon>
      <emoticon text="[sonmegusta]" button="yes">
        <source name="Pleasure - Son Me Gusta" left="0" right="55" top="0" bottom="74"/>
      </emoticon>
      <emoticon text="[smg]" button="">
        <source name="Pleasure - Son Me Gusta" left="0" right="55" top="0" bottom="74"/>
      </emoticon>
      <emoticon text="[sweetjesus]" button="yes">
        <source name="Pleasure - Sweet Jesus Face" left="0" right="65" top="0" bottom="74"/>
      </emoticon>
      <emoticon text="[sj]" button="">
        <source name="Pleasure - Sweet Jesus Face" left="0" right="65" top="0" bottom="74"/>
      </emoticon>
    </group>
    <group text="Rage;" initial="0">
      <emoticon text="[canadianrage]" button="yes">
        <source name="Rage - Canadian Rage" left="0" right="56" top="0" bottom="74"/>
      </emoticon>
      <emoticon text="[canadian]" button="">
        <source name="Rage - Canadian Rage" left="0" right="56" top="0" bottom="74"/>
      </emoticon>
      <emoticon text="[rage2]" button="yes">
        <source name="Rage - Fuu" left="0" right="78" top="0" bottom="74"/>
      </emoticon>
      <emoticon text="[epicrage]" button="">
        <source name="Rage - Fuu" left="0" right="78" top="0" bottom="74"/>
      </emoticon>
      <emoticon text="[fu2]" button="">
        <source name="Rage - Fuu" left="0" right="78" top="0" bottom="74"/>
      </emoticon>
      <emoticon text="[pig]" button="yes">
        <source name="Rage - Pig" left="0" right="62" top="0" bottom="74"/>
      </emoticon>
      <emoticon text="[pigrage]" button="">
        <source name="Rage - Pig" left="0" right="62" top="0" bottom="74"/>
      </emoticon>
      <emoticon text="[fu]" button="yes">
        <source name="Rage - Rage Classic" left="0" right="78" top="0" bottom="74"/>
      </emoticon>
      <emoticon text="[rage]" button="">
        <source name="Rage - Rage Classic" left="0" right="78" top="0" bottom="74"/>
      </emoticon>
      <emoticon text="[extremerage]" button="yes">
        <source name="Rage - Rage Extreme" left="0" right="87" top="0" bottom="74"/>
      </emoticon>
      <emoticon text="[xrage]" button="">
        <source name="Rage - Rage Extreme" left="0" right="87" top="0" bottom="74"/>
      </emoticon>
      <emoticon text="[ragelion]" button="yes">
        <source name="Rage - Rage Lion" left="0" right="68" top="0" bottom="74"/>
      </emoticon>
      <emoticon text="[nuclearrage]" button="yes">
        <source name="Rage - Rage Nuclear" left="0" right="66" top="0" bottom="74"/>
      </emoticon>
      <emoticon text="[nrage]" button="">
        <source name="Rage - Rage Nuclear" left="0" right="66" top="0" bottom="74"/>
      </emoticon>
      <emoticon text="[fu3]" button="">
        <source name="Rage - Rage Nuclear" left="0" right="66" top="0" bottom="74"/>
      </emoticon>
      <emoticon text="[omegarage]" button="yes">
        <source name="Rage - Rage Omega" left="0" right="71" top="0" bottom="74"/>
      </emoticon>
      <emoticon text="[orage]" button="">
        <source name="Rage - Rage Omega" left="0" right="71" top="0" bottom="74"/>
      </emoticon>
      <emoticon text="[fu4]" button="">
        <source name="Rage - Rage Omega" left="0" right="71" top="0" bottom="74"/>
      </emoticon>
      <emoticon text="[quietrage]" button="yes">
        <source name="Rage - Rage Quiet" left="0" right="72" top="0" bottom="74"/>
      </emoticon>
    </group>
    <group text="Sad;" initial="0">
      <emoticon text="[awman]" button="yes">
        <source name="Sad - Aw Man" left="0" right="72" top="0" bottom="74"/>
      </emoticon>
      <emoticon text="[whyhands]" button="">
        <source name="Sad - Aw Man" left="0" right="72" top="0" bottom="74"/>
      </emoticon>
      <emoticon text="[aw]" button="yes">
        <source name="Sad - Aw" left="0" right="61" top="0" bottom="74"/>
      </emoticon>
      <emoticon text="[why]" button="">
        <source name="Sad - Aw" left="0" right="61" top="0" bottom="74"/>
      </emoticon>
      <emoticon text="[cry]" button="yes">
        <source name="Sad - Cry" left="0" right="66" top="0" bottom="74"/>
      </emoticon>
      <emoticon text="[baw]" button="">
        <source name="Sad - Cry" left="0" right="66" top="0" bottom="74"/>
      </emoticon>
      <emoticon text="[foreveralone]" button="yes">
        <source name="Sad - Forever Alone" left="0" right="63" top="0" bottom="74"/>
      </emoticon>
      <emoticon text="[fa]" button="">
        <source name="Sad - Forever Alone" left="0" right="63" top="0" bottom="74"/>
      </emoticon>
      <emoticon text="[numb]" button="yes">
        <source name="Sad - Numb" left="0" right="74" top="0" bottom="74"/>
      </emoticon>
      <emoticon text="[fear]" button="">
        <source name="Sad - Numb" left="0" right="74" top="0" bottom="74"/>
      </emoticon>
      <emoticon text="[scared]" button="">
        <source name="Sad - Numb" left="0" right="74" top="0" bottom="74"/>
      </emoticon>
      <emoticon text="[depressed]" button="">
        <source name="Sad - Numb" left="0" right="74" top="0" bottom="74"/>
      </emoticon>
      <emoticon text="[uh]" button="yes">
        <source name="Sad - Oh No" left="0" right="57" top="0" bottom="74"/>
      </emoticon>
      <emoticon text="[ohno]" button="">
        <source name="Sad - Oh No" left="0" right="57" top="0" bottom="74"/>
      </emoticon>
      <emoticon text="[okay]" button="yes">
        <source name="Sad - Okay" left="0" right="56" top="0" bottom="75"/>
      </emoticon>
      <emoticon text="[sad]" button="yes">
        <source name="Sad - Sad" left="0" right="59" top="0" bottom="74"/>
      </emoticon>
    </group>
    <group text="Stupidity;" initial="0">
      <emoticon text="[areyoukiddingme]" button="yes">
        <source name="Stupidity - Are You Kidding Me" left="0" right="65" top="0" bottom="74"/>
      </emoticon>
      <emoticon text="[areyoukidding]" button="">
        <source name="Stupidity - Are You Kidding Me" left="0" right="65" top="0" bottom="74"/>
      </emoticon>
      <emoticon text="[stfu]" button="">
        <source name="Stupidity - Are You Kidding Me" left="0" right="65" top="0" bottom="74"/>
      </emoticon>
      <emoticon text="[areyoufuckingkiddingme]" button="">
        <source name="Stupidity - Are You Kidding Me" left="0" right="65" top="0" bottom="74"/>
      </emoticon>
      <emoticon text="[captainobvious]" button="yes">
        <source name="Stupidity - Captain Obvious" left="0" right="67" top="0" bottom="74"/>
      </emoticon>
      <emoticon text="[genius]" button="yes">
        <source name="Stupidity - Genius" left="0" right="74" top="0" bottom="74"/>
      </emoticon>
      <emoticon text="[genious]" button="">
        <source name="Stupidity - Genius" left="0" right="74" top="0" bottom="74"/>
      </emoticon>
      <emoticon text="[herpderp]" button="yes">
        <source name="Stupidity - Herp Derp" left="0" right="60" top="0" bottom="74"/>
      </emoticon>
      <emoticon text="[herp]" button="">
        <source name="Stupidity - Herp Derp" left="0" right="60" top="0" bottom="74"/>
      </emoticon>
      <emoticon text="[derp]" button="">
        <source name="Stupidity - Herp Derp" left="0" right="60" top="0" bottom="74"/>
      </emoticon>
      <emoticon text="[idontwannalive]" button="yes">
        <source name="Stupidity - I Dont Want to Live on This Planet Anymore" left="0" right="113" top="0" bottom="74"/>
      </emoticon>
      <emoticon text="[farnsworth]" button="">
        <source name="Stupidity - I Dont Want to Live on This Planet Anymore" left="0" right="113" top="0" bottom="74"/>
      </emoticon>
      <emoticon text="[ohgodwhy]" button="yes">
        <source name="Stupidity - Oh God Why" left="0" right="62" top="0" bottom="74"/>
      </emoticon>
      <emoticon text="[facepalm]" button="yes">
        <source name="Stupidity - Picard Facepalm" left="0" right="64" top="0" bottom="74"/>
      </emoticon>
      <emoticon text="[picard]" button="">
        <source name="Stupidity - Picard Facepalm" left="0" right="64" top="0" bottom="74"/>
      </emoticon>
      <emoticon text="[retarddog]" button="yes">
        <source name="Stupidity - Retard Dog" left="0" right="46" top="0" bottom="74"/>
      </emoticon>
      <emoticon text="[dog]" button="">
        <source name="Stupidity - Retard Dog" left="0" right="46" top="0" bottom="74"/>
      </emoticon>
      <emoticon text="[jackie]" button="yes">
        <source name="Stupidity - Seriously Chan" left="0" right="101" top="0" bottom="74"/>
      </emoticon>
      <emoticon text="[chan]" button="">
        <source name="Stupidity - Seriously Chan" left="0" right="101" top="0" bottom="74"/>
      </emoticon>
      <emoticon text="[hardcore]" button="yes">
        <source name="Stupidity - So hardcore" left="0" right="88" top="0" bottom="74"/>
      </emoticon>
      <emoticon text="[sohardcore]" button="">
        <source name="Stupidity - So hardcore" left="0" right="88" top="0" bottom="74"/>
      </emoticon>
      <emoticon text="[gthefuck]" button="yes">
        <source name="Stupidity - The Fuck Female" left="0" right="66" top="0" bottom="74"/>
      </emoticon>
      <emoticon text="[gtf]" button="">
        <source name="Stupidity - The Fuck Female" left="0" right="66" top="0" bottom="74"/>
      </emoticon>
      <emoticon text="[thefuck]" button="yes">
        <source name="Stupidity - The Fuck" left="0" right="89" top="0" bottom="74"/>
      </emoticon>
      <emoticon text="[tf]" button="">
        <source name="Stupidity - The Fuck" left="0" right="89" top="0" bottom="74"/>
      </emoticon>
      <emoticon text="[badass]" button="yes">
        <source name="Stupidity - Watch out" left="0" right="82" top="0" bottom="74"/>
      </emoticon>
      <emoticon text="[watchout]" button="">
        <source name="Stupidity - Watch out" left="0" right="82" top="0" bottom="74"/>
      </emoticon>
      <emoticon text="[ndgt]" button="">
        <source name="Stupidity - Watch out" left="0" right="82" top="0" bottom="74"/>
      </emoticon>
      <emoticon text="[neil]" button="">
        <source name="Stupidity - Watch out" left="0" right="82" top="0" bottom="74"/>
      </emoticon>
      <emoticon text="[picardwtf]" button="yes">
        <source name="Stupidity - WTF is this shit" left="0" right="81" top="0" bottom="74"/>
      </emoticon>
      <emoticon text="[wtfisthisshit]" button="">
        <source name="Stupidity - WTF is this shit" left="0" right="81" top="0" bottom="74"/>
      </emoticon>
      <emoticon text="[youdontsay]" button="yes">
        <source name="Stupidity - You Don't Say" left="0" right="102" top="0" bottom="90"/>
      </emoticon>
      <emoticon text="[cage]" button="">
        <source name="Stupidity - You Don't Say" left="0" right="102" top="0" bottom="90"/>
      </emoticon>
      <emoticon text="[uds]" button="">
        <source name="Stupidity - You Don't Say" left="0" right="102" top="0" bottom="90"/>
      </emoticon>
    </group>
    <group text="Trees;" initial="0">
      <emoticon text="[bmhf]" button="yes">
        <source name="Trees - Big Mouth High Face" left="0" right="40" top="0" bottom="43"/>
      </emoticon>
      <emoticon text="[bigmouth]" button="">
        <source name="Trees - Big Mouth High Face" left="0" right="40" top="0" bottom="43"/>
      </emoticon>
    </group>
    <group text="Unofficial;" initial="0">
      <emoticon text="[Dog]" button="yes">
        <source name="Unofficial - Faggot" left="0" right="32" top="0" bottom="40"/>
      </emoticon>
      <emoticon text="[faggotdog]" button="">
        <source name="Unofficial - Faggot" left="0" right="32" top="0" bottom="40"/>
      </emoticon>
      <emoticon text="[notsureif]" button="yes">
        <source name="Unofficial - Fry Not Sure If" left="0" right="45" top="0" bottom="55"/>
      </emoticon>
      <emoticon text="[gropaga]" button="yes">
        <source name="Unofficial - Gropaga" left="0" right="50" top="0" bottom="55"/>
      </emoticon>
      <emoticon text="[lgun]" button="yes">
        <source name="Unofficial - Gun Left" left="0" right="90" top="0" bottom="67"/>
      </emoticon>
      <emoticon text="[rgun]" button="yes">
        <source name="Unofficial - Gun Right" left="0" right="90" top="0" bottom="67"/>
      </emoticon>
      <emoticon text="[lizard]" button="yes">
        <source name="Unofficial - Hehe Lizard" left="0" right="100" top="0" bottom="76"/>
      </emoticon>
      <emoticon text="[pickletime]" button="yes">
        <source name="Unofficial - Pickle Time" left="0" right="57" top="0" bottom="28"/>
      </emoticon>
      <emoticon text="[pickle]" button="">
        <source name="Unofficial - Pickle Time" left="0" right="57" top="0" bottom="28"/>
      </emoticon>
      <emoticon text="[More]" button="yes">
        <source name="Unofficial - The" left="0" right="61" top="0" bottom="50"/>
      </emoticon>
      <emoticon text="[You]" button="">
        <source name="Unofficial - The" left="0" right="61" top="0" bottom="50"/>
      </emoticon>
      <emoticon text="[Know]" button="">
        <source name="Unofficial - The" left="0" right="61" top="0" bottom="50"/>
      </emoticon>
      <emoticon text="[tmyk]" button="">
        <source name="Unofficial - The" left="0" right="61" top="0" bottom="50"/>
      </emoticon>
    </group>
    <group text="Victorious;" initial="0">
      <emoticon text="[closeenough]" button="yes">
        <source name="Victorious - Close Enough" left="0" right="68" top="0" bottom="74"/>
      </emoticon>
      <emoticon text="[ce]" button="">
        <source name="Victorious - Close Enough" left="0" right="68" top="0" bottom="74"/>
      </emoticon>
      <emoticon text="[freddie]" button="yes">
        <source name="Victorious - Freddie Mercury" left="0" right="47" top="0" bottom="106"/>
      </emoticon>
      <emoticon text="[hellyes]" button="">
        <source name="Victorious - Freddie Mercury" left="0" right="47" top="0" bottom="106"/>
      </emoticon>
      <emoticon text="[fuckyeahwords]" button="yes">
        <source name="Victorious - Fuck Yeah Words" left="0" right="68" top="0" bottom="74"/>
      </emoticon>
      <emoticon text="[fywords]" button="">
        <source name="Victorious - Fuck Yeah Words" left="0" right="68" top="0" bottom="74"/>
      </emoticon>
      <emoticon text="[fuckyeah]" button="yes">
        <source name="Victorious - Fuck Yeah" left="0" right="67" top="0" bottom="74"/>
      </emoticon>
      <emoticon text="[fy]" button="">
        <source name="Victorious - Fuck Yeah" left="0" right="67" top="0" bottom="74"/>
      </emoticon>
      <emoticon text="[gtfo]" button="yes">
        <source name="Victorious - GTFO" left="0" right="81" top="0" bottom="74"/>
      </emoticon>
      <emoticon text="[melvinfuckyeah]" button="yes">
        <source name="Victorious - Melvin Fuck Yeah" left="0" right="62" top="0" bottom="74"/>
      </emoticon>
      <emoticon text="[melvinfy]" button="">
        <source name="Victorious - Melvin Fuck Yeah" left="0" right="62" top="0" bottom="74"/>
      </emoticon>
      <emoticon text="[mfy]" button="">
        <source name="Victorious - Melvin Fuck Yeah" left="0" right="62" top="0" bottom="74"/>
      </emoticon>
      <emoticon text="[thatway]" button="yes">
        <source name="Victorious - That Way" left="0" right="81" top="0" bottom="74"/>
      </emoticon>
    </group>
&Emoticon-Extensions;
&iniMenuItemColor;
&iniIconMenuItemSettings;
    <font name="selection" source="ttfDefault" type="&iniDefaultFontName;" size="&iniDefaultFontSize;"/>
  </control>
</prefs>
