<?xml version="1.0" encoding="UTF-8"?>
<icondef>
  <meta>
    <name>Trollicons</name>
    <version>1.3</version>
    <description>This is the trollicons pack for Psi. Find it on github.</description>
    <home>https://github.com/sagargp/trollicons</home>
    <author email="sagargp@gmail.com">Sagar Pandya</author>
    <creation>2013-12-19</creation>
  </meta>
  <icon>
    <text>[actually]</text>
    <text>[okay3]</text>
    <object mime="image/png">Actually-Actually.png</object>
  </icon>
  <icon>
    <text>[itsnotokay]</text>
    <text>[okay4]</text>
    <object mime="image/png">Actually-ItsNotOkay.png</object>
  </icon>
  <icon>
    <text>[sadshadow]</text>
    <text>[okay2]</text>
    <object mime="image/png">Actually-SadShadow.png</object>
  </icon>
  <icon>
    <text>[clevergirl]</text>
    <object mime="image/png">Amazed-CleverGirl.png</object>
  </icon>
  <icon>
    <text>[whoa]</text>
    <text>[ooh]</text>
    <object mime="image/png">Amazed-DumbfoundedKid.png</object>
  </icon>
  <icon>
    <text>[gasp]</text>
    <object mime="image/png">Amazed-Gasp.png</object>
  </icon>
  <icon>
    <text>[milk]</text>
    <object mime="image/png">Amazed-Milk.png</object>
  </icon>
  <icon>
    <text>[moonshot]</text>
    <text>[noway]</text>
    <text>[shocked]</text>
    <object mime="image/png">Amazed-Moonshot.png</object>
  </icon>
  <icon>
    <text>[notbadobama]</text>
    <text>[notbad]</text>
    <text>[obama]</text>
    <object mime="image/png">Amazed-NotBadObama.png</object>
  </icon>
  <icon>
    <text>[pukerainbows]</text>
    <text>[pukesrainbows]</text>
    <text>[rainbows]</text>
    <object mime="image/png">Amazed-PukeRainbows.png</object>
  </icon>
  <icon>
    <text>[blankrage]</text>
    <object mime="image/png">Amazed-RageBlank.png</object>
  </icon>
  <icon>
    <text>[surprised3]</text>
    <object mime="image/png">Amazed-SurprisedWideOpenMouth.png</object>
  </icon>
  <icon>
    <text>[surprised1]</text>
    <text>[surprised]</text>
    <object mime="image/png">Amazed-surprised.png</object>
  </icon>
  <icon>
    <text>[wait]</text>
    <text>[awno]</text>
    <object mime="image/png">Amazed-Wait.png</object>
  </icon>
  <icon>
    <text>[Guy]</text>
    <text>[wizard]</text>
    <object mime="image/png">Amazed-Wizard.png</object>
  </icon>
  <icon>
    <text>[deskflip]</text>
    <text>[flip]</text>
    <text>[tableflip]</text>
    <text>[desk]</text>
    <text>[table]</text>
    <object mime="image/png">Angry-Deskflip.png</object>
  </icon>
  <icon>
    <text>[drool]</text>
    <object mime="image/png">Angry-Drool.png</object>
  </icon>
  <icon>
    <text>[eyes]</text>
    <text>[fff]</text>
    <text>[imminent]</text>
    <object mime="image/png">Angry-Eyes.png</object>
  </icon>
  <icon>
    <text>[grumpycat]</text>
    <text>[grumpycatno]</text>
    <object mime="image/png">Angry-GrumpyCat.png</object>
  </icon>
  <icon>
    <text>[son]</text>
    <text>[disappoint]</text>
    <object mime="image/png">Angry-IAmDisappoint.png</object>
  </icon>
  <icon>
    <text>[look]</text>
    <object mime="image/png">Angry-Look.png</object>
  </icon>
  <icon>
    <text>[mom]</text>
    <object mime="image/png">Angry-Mom.png</object>
  </icon>
  <icon>
    <text>[no]</text>
    <object mime="image/png">Angry-No.png</object>
  </icon>
  <icon>
    <text>[notokay]</text>
    <text>[bitter]</text>
    <object mime="image/png">Angry-NotOkay.png</object>
  </icon>
  <icon>
    <text>[shaking]</text>
    <object mime="image/png">Angry-Shaking.png</object>
  </icon>
  <icon>
    <text>[sidemouth]</text>
    <text>[lefu]</text>
    <object mime="image/png">Angry-SideMouth.png</object>
  </icon>
  <icon>
    <text>[stare]</text>
    <object mime="image/png">Angry-Stare.png</object>
  </icon>
  <icon>
    <text>[uhm]</text>
    <text>[mad]</text>
    <object mime="image/png">Angry-Uhm.png</object>
  </icon>
  <icon>
    <text>[whathaveyoudone]</text>
    <text>[whyd]</text>
    <text>[done]</text>
    <object mime="image/png">Angry-WhatHaveYouDone.png</object>
  </icon>
  <icon>
    <text>[yuno]</text>
    <object mime="image/png">Angry-YUNO.png</object>
  </icon>
  <icon>
    <text>[beerguy]</text>
    <text>[beer]</text>
    <object mime="image/png">Cerealguy-BeerGuy.png</object>
  </icon>
  <icon>
    <text>[cerealguyangry]</text>
    <text>[cerealangry]</text>
    <object mime="image/png">Cerealguy-CerealGuyAngry.png</object>
  </icon>
  <icon>
    <text>[cerealguysquint]</text>
    <text>[cerealsquint]</text>
    <object mime="image/png">Cerealguy-CerealGuySquint.png</object>
  </icon>
  <icon>
    <text>[cerealguy]</text>
    <text>[cereal]</text>
    <object mime="image/png">Cerealguy-CerealGuy.png</object>
  </icon>
  <icon>
    <text>[cerealspit]</text>
    <text>[spit]</text>
    <object mime="image/png">Cerealguy-CerealSpitting.png</object>
  </icon>
  <icon>
    <text>[newspaperguytear]</text>
    <text>[newspapertear]</text>
    <text>[tear]</text>
    <object mime="image/png">Cerealguy-NewspaperGuyTear.png</object>
  </icon>
  <icon>
    <text>[newspaperguy]</text>
    <text>[newspaper]</text>
    <object mime="image/png">Cerealguy-NewspaperGuy.png</object>
  </icon>
  <icon>
    <text>[challengeconsidered]</text>
    <text>[considered]</text>
    <object mime="image/png">Determined-ChallengeConsidered.png</object>
  </icon>
  <icon>
    <text>[challenge]</text>
    <object mime="image/png">Determined-Challenge.png</object>
  </icon>
  <icon>
    <text>[notsure]</text>
    <text>[dunno]</text>
    <object mime="image/png">Determined-ConflictingEmotions.png</object>
  </icon>
  <icon>
    <text>[sweat]</text>
    <text>[workinghard]</text>
    <object mime="image/png">Determined-CrazyConcentrateSweat.png</object>
  </icon>
  <icon>
    <text>[fumanchu]</text>
    <object mime="image/png">Determined-FuManchu.png</object>
  </icon>
  <icon>
    <text>[gah]</text>
    <text>[sweaty]</text>
    <object mime="image/png">Determined-Gah.png</object>
  </icon>
  <icon>
    <text>[hmm]</text>
    <object mime="image/png">Determined-Hmm.png</object>
  </icon>
  <icon>
    <text>[itstime]</text>
    <text>[serious]</text>
    <text>[determined]</text>
    <object mime="image/png">Determined-ItsTime.png</object>
  </icon>
  <icon>
    <text>[everythingwentbetterthanexpected]</text>
    <text>[betterthanexpected]</text>
    <text>[ewbte]</text>
    <object mime="image/png">Happy-EverythingWentBetterThanExpected.png</object>
  </icon>
  <icon>
    <text>[ya]</text>
    <text>[yey]</text>
    <object mime="image/png">Happy-Excited.png</object>
  </icon>
  <icon>
    <text>[foreveraloneexcited]</text>
    <text>[faexcited]</text>
    <text>[falaugh]</text>
    <text>[friends]</text>
    <object mime="image/png">Happy-ForeverAloneExcited.png</object>
  </icon>
  <icon>
    <text>[grandma]</text>
    <text>[granny]</text>
    <object mime="image/png">Happy-Grandma.png</object>
  </icon>
  <icon>
    <text>[happy]</text>
    <object mime="image/png">Happy-Happy.png</object>
  </icon>
  <icon>
    <text>[hatersgonnahate]</text>
    <text>[haters]</text>
    <text>[hgh]</text>
    <object mime="image/png">Happy-HatersGonnaHate.png</object>
  </icon>
  <icon>
    <text>[hehheh]</text>
    <text>[hehehe]</text>
    <object mime="image/png">Happy-Hehheh.png</object>
  </icon>
  <icon>
    <text>[isee]</text>
    <text>[iseewhatyoudidthere]</text>
    <object mime="image/png">Happy-ISee.png</object>
  </icon>
  <icon>
    <text>[ok]</text>
    <text>[nice]</text>
    <text>[great]</text>
    <text>[thumb]</text>
    <text>[thumbs]</text>
    <object mime="image/png">Happy-Ok.png</object>
  </icon>
  <icon>
    <text>[overjoyed]</text>
    <text>[nowords]</text>
    <text>[daww]</text>
    <object mime="image/png">Happy-Overjoyed.png</object>
  </icon>
  <icon>
    <text>[perfect]</text>
    <text>[biggrin]</text>
    <object mime="image/png">Happy-Perfect.png</object>
  </icon>
  <icon>
    <text>[satisfied]</text>
    <text>[relief]</text>
    <text>[ahh]</text>
    <text>[ah]</text>
    <object mime="image/png">Happy-Satisfied.png</object>
  </icon>
  <icon>
    <text>[smile]</text>
    <text>[catsmile]</text>
    <object mime="image/png">Happy-Smile.png</object>
  </icon>
  <icon>
    <text>[win]</text>
    <text>[epicwin]</text>
    <object mime="image/png">Happy-Win.png</object>
  </icon>
  <icon>
    <text>[celo]</text>
    <text>[aintthatsomeshit]</text>
    <object mime="image/png">Laughing-AintThatSomeShit.png</object>
  </icon>
  <icon>
    <text>[awyea]</text>
    <text>[awyeah]</text>
    <text>[ay]</text>
    <object mime="image/png">Laughing-AwwwYea.png</object>
  </icon>
  <icon>
    <text>[rightfuckthat]</text>
    <text>[rft]</text>
    <object mime="image/png">Laughing-FuckThatShitRight.png</object>
  </icon>
  <icon>
    <text>[fuckthatshit]</text>
    <text>[fuckthat]</text>
    <text>[ft]</text>
    <text>[leftfuckthat]</text>
    <text>[lft]</text>
    <object mime="image/png">Laughing-FuckThatShit.png</object>
  </icon>
  <icon>
    <text>[high]</text>
    <object mime="image/png">Laughing-High.png</object>
  </icon>
  <icon>
    <text>[ooo]</text>
    <object mime="image/png">Laughing-LOL(NoText).png</object>
  </icon>
  <icon>
    <text>[lol]</text>
    <text>[LOL]</text>
    <object mime="image/png">Laughing-LOL.png</object>
  </icon>
  <icon>
    <text>[pft2]</text>
    <text>[expectant]</text>
    <object mime="image/png">Laughing-Pffttchhchhh.png</object>
  </icon>
  <icon>
    <text>[pft]</text>
    <text>[lulz]</text>
    <object mime="image/png">Laughing-Pft.png</object>
  </icon>
  <icon>
    <text>[deviltroll]</text>
    <text>[evil]</text>
    <text>[devil]</text>
    <object mime="image/png">Malicious-DevilTroll.png</object>
  </icon>
  <icon>
    <text>[dbag]</text>
    <text>[brah]</text>
    <text>[douche]</text>
    <text>[douchebag]</text>
    <object mime="image/png">Malicious-Douchebag.png</object>
  </icon>
  <icon>
    <text>[evilsmile]</text>
    <text>[hah]</text>
    <object mime="image/png">Malicious-EvilSmile.png</object>
  </icon>
  <icon>
    <text>[gaytroll]</text>
    <text>[gay]</text>
    <object mime="image/png">Malicious-GayTroll.png</object>
  </icon>
  <icon>
    <text>[grannytroll]</text>
    <object mime="image/png">Malicious-GrannyTroll.png</object>
  </icon>
  <icon>
    <text>[grinch]</text>
    <object mime="image/png">Malicious-Grinch.png</object>
  </icon>
  <icon>
    <text>[seal]</text>
    <text>[gayseal]</text>
    <text>[gaay]</text>
    <object mime="image/png">Malicious-HomophobicSeal.png</object>
  </icon>
  <icon>
    <text>[ilied]</text>
    <text>[wayevil]</text>
    <object mime="image/png">Malicious-ILied.png</object>
  </icon>
  <icon>
    <text>[melvin]</text>
    <object mime="image/png">Malicious-Melvin.png</object>
  </icon>
  <icon>
    <text>[problemguy]</text>
    <text>[okaytroll]</text>
    <object mime="image/png">Malicious-ProblemGuy.png</object>
  </icon>
  <icon>
    <text>[happyrage]</text>
    <text>[hrage]</text>
    <object mime="image/png">Malicious-RageHappy.png</object>
  </icon>
  <icon>
    <text>[sadmelvin]</text>
    <object mime="image/png">Malicious-SadMelvin.png</object>
  </icon>
  <icon>
    <text>[sadtroll]</text>
    <object mime="image/png">Malicious-SadTroll.png</object>
  </icon>
  <icon>
    <text>[trolldadjump]</text>
    <text>[tdjump]</text>
    <text>[tdj]</text>
    <object mime="image/png">Malicious-TrollDadJump.png</object>
  </icon>
  <icon>
    <text>[trolldadmonocle]</text>
    <text>[trolldadm]</text>
    <text>[tdm]</text>
    <object mime="image/png">Malicious-TrollDadMonocle.png</object>
  </icon>
  <icon>
    <text>[trollhot]</text>
    <text>[hottroll]</text>
    <text>[babe]</text>
    <object mime="image/png">Malicious-TrollHot.png</object>
  </icon>
  <icon>
    <text>[insanetroll]</text>
    <text>[insane]</text>
    <text>[excited]</text>
    <object mime="image/png">Malicious-TrollInsane.png</object>
  </icon>
  <icon>
    <text>[trolol]</text>
    <text>[trollol]</text>
    <text>[trolllol]</text>
    <object mime="image/png">Malicious-TrollLol.png</object>
  </icon>
  <icon>
    <text>[peek]</text>
    <text>[trollpeek]</text>
    <object mime="image/png">Malicious-Trollpeeking.png</object>
  </icon>
  <icon>
    <text>[troll]</text>
    <text>[problem]</text>
    <text>[umad]</text>
    <object mime="image/png">Malicious-Troll.png</object>
  </icon>
  <icon>
    <text>[trolldad]</text>
    <object mime="image/png">Malicious-TrollDad.png</object>
  </icon>
  <icon>
    <text>[antichicken]</text>
    <text>[antijokechicken]</text>
    <object mime="image/png">Memes-AntiJokeChicken.png</object>
  </icon>
  <icon>
    <text>[bachelorfrog]</text>
    <text>[foulbachelorfrog]</text>
    <text>[malefrog]</text>
    <object mime="image/png">Memes-FoulBachelorFrog.png</object>
  </icon>
  <icon>
    <text>[bachelorettefrog]</text>
    <text>[foulbachelorettefrog]</text>
    <text>[femalefrog]</text>
    <object mime="image/png">Memes-FoulBacheloretteFrog.png</object>
  </icon>
  <icon>
    <text>[fry]</text>
    <text>[notsureiftrolling]</text>
    <text>[nsit]</text>
    <object mime="image/png">Memes-Fry.png</object>
  </icon>
  <icon>
    <text>[happyface]</text>
    <object mime="image/png">Memes-HappyFace.png</object>
  </icon>
  <icon>
    <text>[asiandad]</text>
    <object mime="image/png">Memes-HighExpectationAsianDad.png</object>
  </icon>
  <icon>
    <text>[hipster]</text>
    <text>[hipsterkitty]</text>
    <text>[hk]</text>
    <object mime="image/png">Memes-HipsterKitty.png</object>
  </icon>
  <icon>
    <text>[insanewolf]</text>
    <text>[wolf]</text>
    <object mime="image/png">Memes-InsaneWolf.png</object>
  </icon>
  <icon>
    <text>[trap]</text>
    <text>[itsatrap]</text>
    <object mime="image/png">Memes-ItsaTrap.png</object>
  </icon>
  <icon>
    <text>[lamepuncoon]</text>
    <text>[lamepun]</text>
    <text>[puncoon]</text>
    <object mime="image/png">Memes-LamePunCoon.png</object>
  </icon>
  <icon>
    <text>[paranoid]</text>
    <text>[parrot]</text>
    <text>[paranoidparrot]</text>
    <object mime="image/png">Memes-ParanoidParrot.png</object>
  </icon>
  <icon>
    <text>[philosoraptor]</text>
    <text>[raptor]</text>
    <object mime="image/png">Memes-Philosoraptor.png</object>
  </icon>
  <icon>
    <text>[retardedgirl]</text>
    <object mime="image/png">Memes-RetardedGirl.png</object>
  </icon>
  <icon>
    <text>[penguin]</text>
    <text>[awkwardpenguin]</text>
    <text>[sociallyawkwardpenguin]</text>
    <object mime="image/png">Memes-SociallyAwkwardPenguin.png</object>
  </icon>
  <icon>
    <text>[successkid]</text>
    <text>[kid]</text>
    <text>[success]</text>
    <object mime="image/png">Memes-SuccessKid.png</object>
  </icon>
  <icon>
    <text>[trollgod]</text>
    <text>[god]</text>
    <object mime="image/png">Memes-TrollGod.png</object>
  </icon>
  <icon>
    <text>[whathaveidone]</text>
    <text>[whid]</text>
    <object mime="image/png">Memes-WhatHaveIdone.png</object>
  </icon>
  <icon>
    <text>[aliens]</text>
    <object mime="image/png">Miscellaneous-Aliens.png</object>
  </icon>
  <icon>
    <text>[allthethings]</text>
    <object mime="image/png">Miscellaneous-Allthethings.png</object>
  </icon>
  <icon>
    <text>[busted]</text>
    <text>[oops]</text>
    <object mime="image/png">Miscellaneous-Busted.png</object>
  </icon>
  <icon>
    <text>[confused]</text>
    <text>[butwhy]</text>
    <object mime="image/png">Miscellaneous-Confused.png</object>
  </icon>
  <icon>
    <text>[doge]</text>
    <object mime="image/png">Miscellaneous-Doge.png</object>
  </icon>
  <icon>
    <text>[drunk]</text>
    <object mime="image/png">Miscellaneous-Drunk.png</object>
  </icon>
  <icon>
    <text>[epicfailguy]</text>
    <text>[efg]</text>
    <object mime="image/png">Miscellaneous-EpicFailGuy.png</object>
  </icon>
  <icon>
    <text>[errg]</text>
    <text>[release]</text>
    <object mime="image/png">Miscellaneous-Errg.png</object>
  </icon>
  <icon>
    <text>[grandmashit]</text>
    <text>[shit]</text>
    <object mime="image/png">Miscellaneous-GrandmaShit.png</object>
  </icon>
  <icon>
    <text>[motherofgod]</text>
    <object mime="image/png">Miscellaneous-MotherOfGod.png</object>
  </icon>
  <icon>
    <text>[rocket]</text>
    <text>[jetpack]</text>
    <object mime="image/png">Miscellaneous-Nothingtodohere.png</object>
  </icon>
  <icon>
    <text>[rohgod]</text>
    <text>[rgross]</text>
    <text>[rwtf]</text>
    <object mime="image/png">Miscellaneous-OhGodRight.png</object>
  </icon>
  <icon>
    <text>[ohgod]</text>
    <text>[gross]</text>
    <text>[wtf]</text>
    <text>[lgross]</text>
    <text>[lwtf]</text>
    <object mime="image/png">Miscellaneous-OhGod.png</object>
  </icon>
  <icon>
    <text>[omgrun]</text>
    <text>[run]</text>
    <object mime="image/png">Miscellaneous-OmgRun.png</object>
  </icon>
  <icon>
    <text>[soclose]</text>
    <object mime="image/png">Miscellaneous-SoClose.png</object>
  </icon>
  <icon>
    <text>[subtle]</text>
    <text>[nonchalant]</text>
    <object mime="image/png">Miscellaneous-Spiderpman.png</object>
  </icon>
  <icon>
    <text>[ltada]</text>
    <object mime="image/png">Miscellaneous-Tadaleft.png</object>
  </icon>
  <icon>
    <text>[tada]</text>
    <text>[rtada]</text>
    <object mime="image/png">Miscellaneous-Tada.png</object>
  </icon>
  <icon>
    <text>[throwupinmouth]</text>
    <text>[throwup]</text>
    <text>[fullmouth]</text>
    <object mime="image/png">Miscellaneous-ThrowUpInMouth.png</object>
  </icon>
  <icon>
    <text>[truestory]</text>
    <object mime="image/png">Miscellaneous-TrueStory.png</object>
  </icon>
  <icon>
    <text>[concerned]</text>
    <object mime="image/png">Miscellaneous-What.png</object>
  </icon>
  <icon>
    <text>[mommy]</text>
    <text>[zomg]</text>
    <object mime="image/png">Miscellaneous-YouthfulFear.png</object>
  </icon>
  <icon>
    <text>[badpokerface]</text>
    <text>[badpoker]</text>
    <object mime="image/png">Neutral-BadPokerFace.png</object>
  </icon>
  <icon>
    <text>[beh]</text>
    <object mime="image/png">Neutral-Beh.png</object>
  </icon>
  <icon>
    <text>[dazed]</text>
    <object mime="image/png">Neutral-Dazed.png</object>
  </icon>
  <icon>
    <text>[comeon]</text>
    <object mime="image/png">Neutral-DudeComeOnSmile.png</object>
  </icon>
  <icon>
    <text>[dude]</text>
    <text>[meh]</text>
    <object mime="image/png">Neutral-Dude.png</object>
  </icon>
  <icon>
    <text>[likeasir]</text>
    <object mime="image/png">Neutral-FeelLikeASir.png</object>
  </icon>
  <icon>
    <text>[itssomething]</text>
    <object mime="image/png">Neutral-ItsSomething.png</object>
  </icon>
  <icon>
    <text>[working]</text>
    <text>[busy]</text>
    <text>[focus]</text>
    <object mime="image/png">Neutral-Occupied.png</object>
  </icon>
  <icon>
    <text>[pirate]</text>
    <object mime="image/png">Neutral-Pirate.png</object>
  </icon>
  <icon>
    <text>[thickpokerface]</text>
    <text>[thickpoker]</text>
    <text>[guilty]</text>
    <object mime="image/png">Neutral-PokerFaceThick.png</object>
  </icon>
  <icon>
    <text>[pokerface]</text>
    <text>[poker]</text>
    <text>[pf]</text>
    <object mime="image/png">Neutral-PokerFace.png</object>
  </icon>
  <icon>
    <text>[richfu]</text>
    <text>[rich]</text>
    <text>[quite]</text>
    <object mime="image/png">Neutral-RichFu.png</object>
  </icon>
  <icon>
    <text>[straight]</text>
    <object mime="image/png">Neutral-Straight.png</object>
  </icon>
  <icon>
    <text>[thingswentokay]</text>
    <text>[wentokay]</text>
    <object mime="image/png">Neutral-ThingsWentOkay.png</object>
  </icon>
  <icon>
    <text>[tongue]</text>
    <object mime="image/png">Neutral-Tongue.png</object>
  </icon>
  <icon>
    <text>[wah]</text>
    <text>[huh]</text>
    <object mime="image/png">Neutral-Wah.png</object>
  </icon>
  <icon>
    <text>[wat]</text>
    <text>[suspicious]</text>
    <object mime="image/png">Neutral-Wat.png</object>
  </icon>
  <icon>
    <text>[yawn]</text>
    <object mime="image/png">Neutral-Yawn.png</object>
  </icon>
  <icon>
    <text>[classyfap]</text>
    <text>[richfap]</text>
    <object mime="image/png">Pleasure-ClassyFap.png</object>
  </icon>
  <icon>
    <text>[dogsweetjesus]</text>
    <object mime="image/png">Pleasure-DogSweetJesus.png</object>
  </icon>
  <icon>
    <text>[fap]</text>
    <text>[fapfap]</text>
    <text>[fapfapfap]</text>
    <object mime="image/png">Pleasure-FapFap.png</object>
  </icon>
  <icon>
    <text>[femalefap]</text>
    <text>[schlick]</text>
    <object mime="image/png">Pleasure-FemaleFap.png</object>
  </icon>
  <icon>
    <text>[taco]</text>
    <object mime="image/png">Pleasure-Gonnafuckthattaco.png</object>
  </icon>
  <icon>
    <text>[ifyouknowwhatimean]</text>
    <text>[bean]</text>
    <object mime="image/png">Pleasure-Ifyouknowwhatimean.png</object>
  </icon>
  <icon>
    <text>[creepymegusta]</text>
    <text>[cmg]</text>
    <text>[evilmegusta]</text>
    <text>[emg]</text>
    <object mime="image/png">Pleasure-MeGustaMuchoCreepy.png</object>
  </icon>
  <icon>
    <text>[mgperfect]</text>
    <text>[megustaperfect]</text>
    <text>[mgp]</text>
    <object mime="image/png">Pleasure-MeGustaPerfect.png</object>
  </icon>
  <icon>
    <text>[bepistrollingyoubetter]</text>
    <text>[megusta]</text>
    <text>[mg]</text>
    <object mime="image/png">Pleasure-MeGusta.png</object>
  </icon>
  <icon>
    <text>[nmg]</text>
    <text>[nomegusta]</text>
    <object mime="image/png">Pleasure-NoMeGusta.png</object>
  </icon>
  <icon>
    <text>[ohyes]</text>
    <object mime="image/png">Pleasure-OhhhYes.png</object>
  </icon>
  <icon>
    <text>[sonmegusta]</text>
    <text>[smg]</text>
    <object mime="image/png">Pleasure-SonMeGusta.png</object>
  </icon>
  <icon>
    <text>[sweetjesus]</text>
    <text>[sj]</text>
    <object mime="image/png">Pleasure-SweetJesusFace.png</object>
  </icon>
  <icon>
    <text>[canadianrage]</text>
    <text>[canadian]</text>
    <object mime="image/png">Rage-CanadianRage.png</object>
  </icon>
  <icon>
    <text>[rage2]</text>
    <text>[epicrage]</text>
    <text>[fu2]</text>
    <object mime="image/png">Rage-Fuu.png</object>
  </icon>
  <icon>
    <text>[pig]</text>
    <text>[pigrage]</text>
    <object mime="image/png">Rage-Pig.png</object>
  </icon>
  <icon>
    <text>[fu]</text>
    <text>[rage]</text>
    <object mime="image/png">Rage-RageClassic.png</object>
  </icon>
  <icon>
    <text>[extremerage]</text>
    <text>[xrage]</text>
    <object mime="image/png">Rage-RageExtreme.png</object>
  </icon>
  <icon>
    <text>[ragelion]</text>
    <object mime="image/png">Rage-RageLion.png</object>
  </icon>
  <icon>
    <text>[nuclearrage]</text>
    <text>[nrage]</text>
    <text>[fu3]</text>
    <object mime="image/png">Rage-RageNuclear.png</object>
  </icon>
  <icon>
    <text>[omegarage]</text>
    <text>[orage]</text>
    <text>[fu4]</text>
    <object mime="image/png">Rage-RageOmega.png</object>
  </icon>
  <icon>
    <text>[quietrage]</text>
    <object mime="image/png">Rage-RageQuiet.png</object>
  </icon>
  <icon>
    <text>[awman]</text>
    <text>[whyhands]</text>
    <object mime="image/png">Sad-AwMan.png</object>
  </icon>
  <icon>
    <text>[aw]</text>
    <text>[why]</text>
    <object mime="image/png">Sad-Aw.png</object>
  </icon>
  <icon>
    <text>[cry]</text>
    <text>[baw]</text>
    <object mime="image/png">Sad-Cry.png</object>
  </icon>
  <icon>
    <text>[foreveralone]</text>
    <text>[fa]</text>
    <object mime="image/png">Sad-ForeverAlone.png</object>
  </icon>
  <icon>
    <text>[numb]</text>
    <text>[fear]</text>
    <text>[scared]</text>
    <text>[depressed]</text>
    <object mime="image/png">Sad-Numb.png</object>
  </icon>
  <icon>
    <text>[uh]</text>
    <text>[ohno]</text>
    <object mime="image/png">Sad-OhNo.png</object>
  </icon>
  <icon>
    <text>[okay]</text>
    <object mime="image/png">Sad-Okay.png</object>
  </icon>
  <icon>
    <text>[sad]</text>
    <object mime="image/png">Sad-Sad.png</object>
  </icon>
  <icon>
    <text>[areyoukiddingme]</text>
    <text>[areyoukidding]</text>
    <text>[stfu]</text>
    <text>[areyoufuckingkiddingme]</text>
    <object mime="image/png">Stupidity-AreYouKiddingMe.png</object>
  </icon>
  <icon>
    <text>[captainobvious]</text>
    <object mime="image/png">Stupidity-CaptainObvious.png</object>
  </icon>
  <icon>
    <text>[genius]</text>
    <text>[genious]</text>
    <object mime="image/png">Stupidity-Genius.png</object>
  </icon>
  <icon>
    <text>[herpderp]</text>
    <text>[herp]</text>
    <text>[derp]</text>
    <object mime="image/png">Stupidity-HerpDerp.png</object>
  </icon>
  <icon>
    <text>[idontwannalive]</text>
    <text>[farnsworth]</text>
    <object mime="image/png">Stupidity-IDontWanttoLiveonThisPlanetAnymore.png</object>
  </icon>
  <icon>
    <text>[ohgodwhy]</text>
    <object mime="image/png">Stupidity-OhGodWhy.png</object>
  </icon>
  <icon>
    <text>[facepalm]</text>
    <text>[picard]</text>
    <object mime="image/png">Stupidity-PicardFacepalm.png</object>
  </icon>
  <icon>
    <text>[retarddog]</text>
    <text>[dog]</text>
    <object mime="image/png">Stupidity-RetardDog.png</object>
  </icon>
  <icon>
    <text>[jackie]</text>
    <text>[chan]</text>
    <object mime="image/png">Stupidity-SeriouslyChan.png</object>
  </icon>
  <icon>
    <text>[hardcore]</text>
    <text>[sohardcore]</text>
    <object mime="image/png">Stupidity-Sohardcore.png</object>
  </icon>
  <icon>
    <text>[gthefuck]</text>
    <text>[gtf]</text>
    <object mime="image/png">Stupidity-TheFuckFemale.png</object>
  </icon>
  <icon>
    <text>[thefuck]</text>
    <text>[tf]</text>
    <object mime="image/png">Stupidity-TheFuck.png</object>
  </icon>
  <icon>
    <text>[badass]</text>
    <text>[watchout]</text>
    <text>[ndgt]</text>
    <text>[neil]</text>
    <object mime="image/png">Stupidity-Watchout.png</object>
  </icon>
  <icon>
    <text>[picardwtf]</text>
    <text>[wtfisthisshit]</text>
    <object mime="image/png">Stupidity-WTFisthisshit.png</object>
  </icon>
  <icon>
    <text>[youdontsay]</text>
    <text>[cage]</text>
    <text>[uds]</text>
    <object mime="image/png">Stupidity-YouDontSay.png</object>
  </icon>
  <icon>
    <text>[bmhf]</text>
    <text>[bigmouth]</text>
    <object mime="image/png">Trees-BigMouthHighFace.png</object>
  </icon>
  <icon>
    <text>[trollicons]</text>
    <object mime="image/png">Trollicons.png</object>
  </icon>
  <icon>
    <text>[Dog]</text>
    <text>[faggotdog]</text>
    <object mime="image/png">Unofficial-Faggot.png</object>
  </icon>
  <icon>
    <text>[notsureif]</text>
    <object mime="image/png">Unofficial-FryNotSureIf.png</object>
  </icon>
  <icon>
    <text>[gropaga]</text>
    <object mime="image/png">Unofficial-Gropaga.png</object>
  </icon>
  <icon>
    <text>[lgun]</text>
    <object mime="image/png">Unofficial-GunLeft.png</object>
  </icon>
  <icon>
    <text>[rgun]</text>
    <object mime="image/png">Unofficial-GunRight.png</object>
  </icon>
  <icon>
    <text>[haterswhistle]</text>
    <object mime="image/png">Unofficial-HatersGonnaHate.gif</object>
  </icon>
  <icon>
    <text>[lizard]</text>
    <object mime="image/png">Unofficial-HeheLizard.png</object>
  </icon>
  <icon>
    <text>[pickletime]</text>
    <text>[pickle]</text>
    <object mime="image/png">Unofficial-PickleTime.png</object>
  </icon>
  <icon>
    <text>[More]</text>
    <text>[You]</text>
    <text>[Know]</text>
    <text>[tmyk]</text>
    <object mime="image/png">Unofficial-The.png</object>
  </icon>
  <icon>
    <text>[closeenough]</text>
    <text>[ce]</text>
    <object mime="image/png">Victorious-CloseEnough.png</object>
  </icon>
  <icon>
    <text>[freddie]</text>
    <text>[hellyes]</text>
    <object mime="image/png">Victorious-FreddieMercury.png</object>
  </icon>
  <icon>
    <text>[fuckyeahwords]</text>
    <text>[fywords]</text>
    <object mime="image/png">Victorious-FuckYeahWords.png</object>
  </icon>
  <icon>
    <text>[fuckyeah]</text>
    <text>[fy]</text>
    <object mime="image/png">Victorious-FuckYeah.png</object>
  </icon>
  <icon>
    <text>[gtfo]</text>
    <object mime="image/png">Victorious-GTFO.png</object>
  </icon>
  <icon>
    <text>[melvinfuckyeah]</text>
    <text>[melvinfy]</text>
    <text>[mfy]</text>
    <object mime="image/png">Victorious-MelvinFuckYeah.png</object>
  </icon>
  <icon>
    <text>[thatway]</text>
    <object mime="image/png">Victorious-ThatWay.png</object>
  </icon>
</icondef>
